time,altitude,pressure,temperature,in-flight,ejection fired,backup fire,accel (x),accel (y),accel (z),rot.spd.xyz,,,,Acceleration
538,671,27979,27,0,0,0,-4.2,0.37,8.68,-0.66,-4.18,-1.05,1,9.649834195
633,671,27983,27,0,0,0,-2.5,0.37,8.95,-5.47,27.55,-4.14,2,9.299967742
711,670,27986,27,0,0,0,-5.26,0.03,8.22,0.51,-9.62,-1.63,3,9.758939492
789,670,27987,27,0,0,0,-3.13,0.57,8.57,-1.66,2.27,-5.08,4,9.141482374
868,671,27988,27,0,0,0,-5.02,0.2,8.59,-1.42,2.51,-1.75,5,9.951306447
946,671,27986,27,0,0,0,-4.19,0.25,8.73,1.92,-19.92,-2.85,6,9.686666093
1024,670,27984,27,0,0,0,-3.71,0.45,8.77,0.11,-8.81,-1.42,7,9.533074006
1102,670,27988,27,0,0,0,-3.92,0.48,8.68,-2.01,6.95,-1.75,8,9.536204696
1180,670,27987,27,0,0,0,-4.41,0.4,8.68,-1.6,4.23,-1.5,9,9.744254718
1265,670,27981,27,0,0,0,-4.22,0.35,8.59,-0.45,-4.94,-1.21,10,9.577003707
1343,670,27987,27,0,0,0,-4.06,0.39,8.69,-0.83,-1.06,-1.27,11,9.599572907
1421,670,27993,27,0,0,0,-4.19,0.37,8.59,-1.19,2.25,-1.46,12,9.564575265
1585,671,27986,27,0,0,0,-4.14,0.35,8.73,-0.93,-0.85,-1.2,13,9.668246997
1680,670,27985,27,0,0,0,-4.17,0.34,8.69,-1.24,0.32,-1.38,14,9.644718762
1758,670,27989,27,0,0,0,-4.21,0.3,8.58,-0.7,-1.02,-1.33,15,9.561929722
1836,670,27984,27,0,0,0,-4.15,0.32,8.75,-0.97,0.02,-1.3,16,9.689551073
1914,670,27990,27,0,0,0,-4.22,0.38,8.65,-1.17,0.26,-1.33,17,9.631993563
1992,670,27991,27,0,0,0,-4.2,0.41,8.68,-1.01,-0.83,-1.45,18,9.651450668
2073,671,27991,27,0,0,0,-4.17,0.34,8.55,-1.19,0,-1.35,19,9.518770929
2152,670,27992,27,0,0,0,-4.21,0.39,8.67,-0.99,0.27,-1.33,20,9.645988804
2230,670,27989,27,0,0,0,-4.2,0.37,8.74,-1.12,-0.53,-1.58,21,9.703839446
2308,670,27991,27,0,0,0,-4.19,0.35,8.77,-1.16,-0.24,-1.42,22,9.725816161
2386,670,27990,27,0,0,0,-4.2,0.38,8.57,-0.93,-0.11,-1.24,23,9.551403038
2464,670,27990,27,0,0,0,-4.22,0.34,8.67,-1.09,-0.56,-1.16,24,9.648466199
2628,670,27992,27,0,0,0,-4.17,0.42,8.63,-0.94,-0.33,-1.25,25,9.593862621
2724,670,27993,27,0,0,0,-4.17,0.37,8.71,-0.94,-0.11,-1.37,26,9.66384499
2803,670,27993,27,0,0,0,-4.22,0.4,8.64,-1.07,-0.25,-1.53,27,9.623824604
2884,670,27995,27,0,0,0,-4.23,0.41,8.67,-0.91,-0.7,-1.53,28,9.655563163
2962,671,27990,27,0,0,0,-4.22,0.34,8.75,-1.16,0.02,-1.22,29,9.720416658
3041,670,27986,27,0,0,0,-4.22,0.39,8.66,-0.89,-0.27,-1.34,30,9.641374383
3119,670,27986,27,0,0,0,-4.2,0.38,8.72,-1.05,-0.21,-1.42,31,9.686217012
3196,670,27994,27,0,0,0,-4.28,0.36,8.67,-1.03,-0.08,-1.08,32,9.67558267
3275,670,27992,27,0,0,0,-4.12,0.32,8.71,-0.86,-0.27,-1.34,33,9.640586082
3353,670,27983,27,0,0,0,-4.2,0.39,8.57,-0.92,-0.3,-1.44,34,9.551806112
3431,670,27996,27,0,0,0,-4.13,0.31,8.68,-0.92,-0.37,-1.4,35,9.617452885
3510,670,27988,27,0,0,0,-4.18,0.43,8.64,-0.75,-0.4,-1.27,36,9.607647995
3684,670,27995,27,0,0,0,-4.14,0.35,8.63,-1.18,-0.25,-1.52,37,9.578047818
3779,670,27999,27,0,0,0,-4.19,0.41,8.67,-0.95,-0.46,-1.42,38,9.638106661
3858,669,27997,27,0,0,0,-4.19,0.34,8.73,-1.03,-0.32,-1.42,39,9.689406587
3936,669,27992,27,0,0,0,-4.19,0.37,8.65,-1.14,-0.13,-1.28,40,9.618497804
4014,669,27997,27,0,0,0,-4.25,0.36,8.65,-0.85,-0.63,-1.45,41,9.644407706
4092,669,27999,27,0,0,0,-4.14,0.35,8.64,-1.03,-0.14,-1.32,42,9.587058986
4170,669,28003,27,0,0,0,-4.24,0.35,8.65,-1.01,-0.41,-1.22,43,9.639636923
4248,669,27998,27,0,0,0,-4.18,0.36,8.62,-0.98,-0.11,-1.21,44,9.586782568
4330,669,28000,27,0,0,0,-4.21,0.4,8.69,-0.94,0.08,-1.33,45,9.66437789
4408,669,28001,27,0,0,0,-4.2,0.35,8.61,-1.03,-0.63,-1.49,46,9.586167117
4487,670,28000,27,0,0,0,-4.2,0.38,8.73,-1.01,-0.55,-1.23,47,9.695220472
4564,670,27999,27,0,0,0,-4.22,0.35,8.67,-1.1,-0.56,-1.49,48,9.648823763
4728,670,27990,27,0,0,0,-4.18,0.4,8.75,-1.03,-0.17,-1.44,49,9.70540571
4825,670,27999,27,0,0,0,-4.23,0.35,8.62,-0.94,-0.51,-1.37,50,9.608319312
4903,670,27998,27,0,0,0,-4.15,0.36,8.67,-0.96,-0.03,-1.27,51,9.618783707
4981,670,27997,27,0,0,0,-4.16,0.34,8.67,-1.12,-0.38,-1.33,52,9.622374967
5059,669,28000,27,0,0,0,-4.15,0.43,8.67,-0.89,-0.32,-1.21,53,9.621657861
5141,670,27997,27,0,0,0,-4.08,0.33,8.69,-1.53,0.31,-1.57,54,9.605800331
5219,669,27996,27,0,0,0,-4.17,0.41,8.63,-0.74,-0.75,-1.37,55,9.593430044
5297,670,27999,27,0,0,0,-4.17,0.42,8.62,-1.07,0.01,-1.21,56,9.584868283
5376,670,27994,27,0,0,0,-4.17,0.35,8.71,-0.94,-0.08,-1.25,57,9.663099917
5453,669,27996,27,0,0,0,-4.15,0.37,8.78,-0.8,-0.63,-1.37,58,9.718425798
5531,669,28001,27,0,0,0,-4.2,0.37,8.69,-1.1,0.27,-1.34,59,9.658830157
5610,669,27993,27,0,0,0,-4.22,0.4,8.57,-0.6,-0.2,-1.26,60,9.561030279
5774,670,27991,27,0,0,0,-4.21,0.35,8.76,-0.69,-0.31,-1.19,61,9.725440864
5854,670,27995,27,0,0,0,-4.2,0.38,8.73,-1,-0.25,-1.18,62,9.695220472
5936,669,27999,27,0,0,0,-4.21,0.36,8.64,-0.98,-0.29,-1.56,63,9.617863588
6013,669,27996,27,0,0,0,-4.15,0.51,8.5,-0.18,-0.44,-1.23,64,9.472729279
6091,670,27999,27,0,0,0,-4.1,0.41,8.56,-1.54,-0.96,-1.74,65,9.500089473
6170,670,27997,27,0,0,0,-4.3,0.34,8.66,-0.94,1.08,-1.28,66,9.674771315
6248,669,27993,27,0,0,0,-4.28,0.38,8.6,-0.76,-0.86,-1.21,67,9.613677756
6326,670,27999,27,0,0,0,-4.13,0.41,8.61,-1.01,-0.34,-1.34,68,9.558090814
6405,670,27994,27,0,0,0,-4.18,0.41,8.62,-1.19,0.45,-1.22,69,9.58879033
6482,670,27993,27,0,0,0,-4.02,0.38,8.44,-0.79,-0.76,-1.31,70,9.356195808
6575,670,27995,27,0,0,0,-4.17,0.35,8.69,-0.95,-0.27,-1.26,71,9.645076464
6652,669,27998,27,0,0,0,-4.16,0.37,8.74,-1.27,0.47,-1.41,72,9.686593829
6819,669,27996,27,0,0,0,-4.19,0.42,8.58,-0.98,-0.82,-1.31,73,9.557661848
6899,670,27991,27,0,0,0,-4.19,0.36,8.69,-1.12,0.22,-1.4,74,9.654107934
6978,670,27996,27,0,0,0,-4.27,0.4,8.59,-0.89,-0.32,-1.27,75,9.601093688
7056,669,27992,27,0,0,0,-4.19,0.4,8.68,-0.74,-0.26,-1.41,76,9.646683368
7134,670,27992,27,0,0,0,-4.16,0.38,8.65,-1.24,-0.6,-1.14,77,9.605857588
7213,670,27993,27,0,0,0,-4.07,0.23,8.67,-1.82,-2.85,-1.53,78,9.580537563
7290,670,27990,27,0,0,0,-4.09,0.34,8.83,-0.24,-0.21,-1.34,79,9.737176182
7371,669,27994,27,0,0,0,-4.29,0.34,8.75,-0.52,-0.98,-1.43,80,9.751010204
7450,670,27998,27,0,0,0,-4.18,-0.09,9.64,7.88,-6.19,-7.45,81,10.50762104
7528,669,28000,27,0,0,0,-2.42,-0.26,8.66,28.27,-3.71,-51.32,82,8.995532224
7607,670,27993,27,0,0,0,-5.13,-0.08,9.08,29.62,41.92,-59.32,83,10.42927131
7685,669,27999,27,0,0,0,-8.26,1.4,9.43,-17.45,22.45,1.07,84,12.61398034
7851,670,28000,27,0,0,0,-3.01,0.12,7.29,0.34,-9.28,5.01,85,7.887876774
7931,669,27993,27,0,0,0,-4.69,0.4,8.58,-1.27,-3.8,0.81,86,9.786342524
8009,670,27997,27,0,0,0,-4.42,0.32,8.51,-1.27,1.07,0.47,87,9.59473293
8088,670,27996,27,0,0,0,-4.86,0.41,8.41,-0.54,-2.02,-1.73,88,9.721923678
8169,669,27994,27,0,0,0,-4.94,0.57,8.46,-3.21,-5.49,-0.89,89,9.813261435
8248,670,27989,27,0,0,0,-4.46,0.43,8.43,-1.01,-2.69,-1.56,90,9.546800511
8326,670,27993,27,0,0,0,-4.68,0.42,8.49,-0.63,-5.74,-1.27,91,9.703550896
8403,670,27991,27,0,0,0,-4.37,0.42,8.58,-0.09,-8.56,-1.33,92,9.637930276
8482,670,27983,27,0,0,0,-4.34,0.4,8.64,-0.86,-4.55,-1.5,93,9.677045004
8560,670,27994,27,0,0,0,-4.27,0.37,8.73,-0.43,-0.85,-1.26,94,9.725363746
8638,670,27994,27,0,0,0,-4.31,0.49,8.48,-1.2,-0.41,-1.36,95,9.525051181
8717,670,27996,27,0,0,0,-4.23,0.46,8.61,-1.04,-0.53,-1.37,96,9.603988755
8886,670,27997,27,0,0,0,-4.33,0.53,8.61,-0.9,-0.48,-1.37,97,9.652041235
8967,670,27997,27,0,0,0,-4.32,0.51,8.75,-1.02,-0.47,-1.35,98,9.771642646
9044,670,27993,27,0,0,0,-4.29,0.42,8.57,-0.79,-0.48,-1.37,99,9.592987022
9122,670,27995,27,0,0,0,-4.26,0.43,8.72,-0.93,-0.24,-1.31,100,9.714468591
9201,670,27993,27,0,0,0,-4.27,0.45,8.59,-0.99,-0.18,-1.54,101,9.603306722
9279,670,27987,27,0,0,0,-4.25,0.49,8.55,-1.15,-0.3,-1.11,102,9.560601446
9357,670,27992,27,0,0,0,-4.36,0.43,8.67,-1.26,-0.53,-1.31,103,9.714082561
9436,670,27993,27,0,0,0,-4.21,0.5,8.59,-0.97,-0.37,-1.44,104,9.579258844
9513,670,27997,27,0,0,0,-4.3,0.42,8.64,-1.06,-0.19,-1.35,105,9.660020704
9594,670,27992,27,0,0,0,-4.28,0.45,8.64,-1.04,-0.24,-1.46,106,9.652486726
9673,670,27991,27,0,0,0,-4.3,0.48,8.68,-0.87,-0.53,-1.15,107,9.698597837
9751,670,27996,27,0,0,0,-4.26,0.4,8.66,-0.95,-0.47,-1.23,108,9.659358157
9917,670,27984,27,0,0,0,-4.25,0.49,8.66,-0.98,-0.2,-1.23,109,9.659099337
9998,670,27993,27,0,0,0,-4.28,0.49,8.63,-1.05,-0.1,-1.26,110,9.645485991
10076,670,27986,27,0,0,0,-4.23,0.47,8.63,-0.97,-0.41,-1.2,111,9.622406144
10155,670,27992,27,0,0,0,-4.21,0.45,8.68,-1,-0.3,-1.46,112,9.657587691
10232,670,27987,27,0,0,0,-4.27,0.44,8.61,-1.13,-0.27,-1.41,113,9.620738017
10311,670,27997,27,0,0,0,-4.29,0.43,8.56,-0.95,-0.21,-1.34,114,9.5844979
10392,669,27998,27,0,0,0,-4.23,0.45,8.58,-1.04,-0.47,-1.45,115,9.576627799
10470,670,27999,27,0,0,0,-4.3,0.47,8.57,-1.11,-0.22,-1.35,116,9.599781248
10549,669,27999,27,0,0,0,-4.29,0.44,8.59,-1.11,-0.14,-1.27,117,9.611753222
10627,669,27996,27,0,0,0,-4.31,0.49,8.58,-0.97,-0.31,-1.35,118,9.614187433
10704,669,27999,27,0,0,0,-4.25,0.43,8.49,-1,-0.26,-1.39,119,9.504078072
10783,670,27998,27,0,0,0,-4.21,0.46,8.61,-0.9,-0.16,-1.44,120,9.595196715
10949,670,27991,27,0,0,0,-4.33,0.46,8.59,-1.12,-0.38,-1.31,121,9.630607457
11030,670,27997,27,0,0,0,-4.33,0.47,8.75,-1.01,-0.3,-1.43,122,9.774062615
11111,670,27998,27,0,0,0,-4.22,0.46,8.59,-0.88,-0.32,-1.4,123,9.581654346
11190,670,27995,27,0,0,0,-4.2,0.44,8.62,-0.93,-0.09,-1.42,124,9.598854098
11268,670,27996,27,0,0,0,-4.3,0.47,8.64,-0.89,-0.35,-1.24,125,9.662323737
11345,670,27993,27,0,0,0,-4.28,0.47,8.65,-1.05,-0.08,-1.33,126,9.662391008
11424,669,28001,27,0,0,0,-4.26,0.52,8.57,-1.14,-0.38,-1.27,127,9.584513551
11502,670,27997,27,0,0,0,-4.25,0.47,8.59,-0.92,-0.12,-1.54,128,9.595389518
11580,670,27995,27,0,0,0,-4.25,0.41,8.6,-0.9,-0.19,-1.31,129,9.601593618
11659,670,27995,27,0,0,0,-4.3,0.48,8.61,-1.01,-0.44,-1.37,130,9.636000208
11737,669,27996,27,0,0,0,-4.3,0.5,8.66,-1.09,-0.47,-1.34,131,9.681714724
11820,669,27996,27,0,0,0,-4.29,0.38,8.57,-0.97,-0.47,-1.21,132,9.591318992
11985,669,27996,27,0,0,0,-4.29,0.43,8.57,-0.95,-0.5,-1.24,133,9.593430044
12066,669,27995,27,0,0,0,-4.19,0.43,8.63,-0.77,-0.54,-1.38,134,9.603015152
12144,669,28003,27,0,0,0,-4.24,0.5,8.51,-1.19,-0.22,-1.24,135,9.52090857
12223,670,27994,27,0,0,0,-4.23,0.46,8.65,-1.08,-0.39,-1.38,136,9.639865144
12301,670,27994,27,0,0,0,-4.26,0.48,8.59,-1.15,-0.28,-1.19,137,9.600317703
12379,669,27992,27,0,0,0,-4.32,0.44,8.57,-1.05,-0.1,-1.25,138,9.607335739
12457,669,27990,27,0,0,0,-4.34,0.48,8.57,-1.13,-0.11,-1.31,139,9.618258678
12548,669,28002,27,0,0,0,-4.26,0.45,8.69,-1.09,-0.17,-1.22,140,9.688457049
12625,669,27992,27,0,0,0,-4.22,0.46,8.51,-1.16,-0.29,-1.42,141,9.51
12704,669,27998,27,0,0,0,-4.22,0.46,8.6,-1.11,-0.04,-1.26,142,9.590620418
12782,669,27997,27,0,0,0,-4.23,0.4,8.55,-1,-0.34,-1.34,143,9.547533713
12860,669,28003,27,0,0,0,-4.24,0.46,8.67,-0.95,-0.08,-1.18,144,9.662199543
13027,669,28000,27,0,0,0,-4.24,0.47,8.59,-1.02,-0.21,-1.39,145,9.590964498
13107,669,27992,27,0,0,0,-4.26,0.43,8.65,-0.84,-0.14,-1.3,146,9.651683791
13186,670,28000,27,0,0,0,-4.34,0.5,8.61,-0.93,-0.31,-1.41,147,9.654931382
13263,669,27993,27,0,0,0,-4.29,0.44,8.57,-1.05,-0.4,-1.17,148,9.593883468
13345,670,27995,27,0,0,0,-4.29,0.45,8.54,-1.05,-0.41,-1.44,149,9.567559772
13423,670,27993,27,0,0,0,-4.3,0.4,8.65,-0.92,-0.33,-1.4,150,9.668117707
13501,669,27990,27,0,0,0,-4.3,0.45,8.64,-0.91,-0.39,-1.27,151,9.661371538
13580,670,27989,27,0,0,0,-4.22,0.46,8.56,-0.95,-0.57,-1.29,152,9.554768443
13658,670,27993,27,0,0,0,-4.28,0.48,8.7,-1.02,-0.11,-1.39,153,9.707667073
13735,670,27993,27,0,0,0,-4.33,0.49,8.61,-1.19,-0.34,-1.33,154,9.649927461
13814,670,27998,27,0,0,0,-4.34,0.46,8.62,-0.94,-0.6,-1.31,155,9.661863174
13892,670,27993,27,0,0,0,-4.3,0.49,8.6,-0.84,-0.09,-1.28,156,9.627569787
14061,670,27987,27,0,0,0,-4.26,0.53,8.67,-1.07,-0.02,-1.44,157,9.674574926
14142,670,27993,27,0,0,0,-4.31,0.51,8.59,-0.95,-0.47,-1.31,158,9.624151911
14221,670,27984,27,0,0,0,-4.27,0.52,8.63,-1.01,-0.55,-1.44,159,9.642624124
14299,670,27990,27,0,0,0,-4.27,0.45,8.53,-0.94,-0.29,-1.38,160,9.549675387
14376,670,27995,27,0,0,0,-4.32,0.47,8.66,-1,-0.3,-1.32,161,9.689112446
14455,670,27994,27,0,0,0,-4.33,0.44,8.63,-1,-0.37,-1.38,162,9.665371178
14533,670,27995,27,0,0,0,-4.23,0.44,8.73,-1.21,-0.26,-1.34,163,9.710787816
14611,670,27991,27,0,0,0,-4.3,0.5,8.67,-1.09,-0.41,-1.31,164,9.690660452
14690,670,27993,27,0,0,0,-4.29,0.44,8.58,-1.05,-0.49,-1.29,165,9.602817295
14771,670,27997,27,0,0,0,-4.24,0.43,8.6,-1,-0.28,-1.37,166,9.598046676
14850,670,27989,27,0,0,0,-4.29,0.46,8.6,-1.05,-0.18,-1.34,167,9.621626682
14927,670,27984,27,0,0,0,-4.24,0.44,8.55,-1.05,-0.26,-1.32,168,9.553727021
15093,671,27979,27,0,0,0,-4.23,0.51,8.66,-0.76,-0.33,-1.35,169,9.651352237
15174,671,27980,27,0,0,0,-4.22,0.46,8.67,-1.04,-0.34,-1.4,170,9.653439801
15252,671,27975,27,0,0,0,-4.29,0.46,8.66,-0.82,-0.33,-1.4,171,9.675293277
15331,671,27982,27,0,0,0,-4.33,0.42,8.63,-1.03,-0.24,-1.37,172,9.664481362
15409,671,27980,27,0,0,0,-4.28,0.46,8.63,-0.85,-0.3,-1.2,173,9.644008503
15491,671,27978,27,0,0,0,-4.31,0.47,8.52,-0.81,-0.55,-1.5,174,9.559675727
15568,671,27984,27,0,0,0,-4.25,0.5,8.48,-0.94,-0.53,-1.28,175,9.498573577
15646,670,27991,27,0,0,0,-4.25,0.46,8.63,-0.93,-0.54,-1.25,176,9.630732059
15725,670,27988,27,0,0,0,-4.28,0.45,8.59,-1.15,-0.27,-1.28,177,9.607757283
15803,670,27988,27,0,0,0,-4.21,0.44,8.7,-1.05,-0.08,-1.31,178,9.675107235
15881,670,27991,27,0,0,0,-4.26,0.47,8.56,-1.07,-0.31,-1.31,179,9.572988039
15960,671,27984,27,0,0,0,-4.22,0.46,8.66,-1.03,-0.19,-1.29,180,9.644459549
16125,671,27984,27,0,0,0,-4.2,0.47,8.68,-0.93,-0.28,-1.27,181,9.654185621
16206,671,27980,27,0,0,0,-4.23,0.45,8.65,-1.06,-0.08,-1.46,182,9.639393134
16287,670,27996,27,0,0,0,-4.27,0.51,8.61,-0.94,-0.55,-1.47,183,9.624193473
16366,670,27992,27,0,0,0,-4.18,0.51,8.62,-1.02,-0.17,-1.33,184,9.593586399
16444,670,27986,27,0,0,0,-4.26,0.45,8.63,-1.01,-0.27,-1.31,185,9.634676954
16522,670,27991,27,0,0,0,-4.26,0.46,8.66,-0.96,-0.43,-1.38,186,9.662028772
16601,670,27979,27,0,0,0,-4.28,0.45,8.7,-0.94,-0.27,-1.27,187,9.706229958
16678,671,27980,27,0,0,0,-4.3,0.45,8.68,-1.01,-0.03,-1.37,188,9.697159378
16756,671,27982,27,0,0,0,-4.24,0.44,8.65,-0.95,-0.24,-1.3,189,9.643324116
16835,671,27987,27,0,0,0,-4.27,0.5,8.56,-0.92,-0.34,-1.43,190,9.578961322
16913,670,27980,27,0,0,0,-4.25,0.46,8.61,-1.13,-0.4,-1.23,191,9.612814364
16995,671,27978,27,0,0,0,-4.27,0.47,8.67,-1.08,-0.14,-1.37,192,9.675882389
17161,671,27980,27,0,0,0,-4.32,0.51,8.63,-0.87,-0.77,-1.42,193,9.664336501
17242,671,27983,27,0,0,0,-4.33,0.45,8.64,-0.64,-1.58,-1.25,194,9.674760979
17319,671,27985,27,0,0,0,-4.22,0.42,8.72,-0.53,-0.58,-1.41,195,9.69655609
17397,670,27995,27,0,0,0,-4.23,0.5,8.62,-1.34,-0.26,-1.12,196,9.614951898
17476,670,27995,27,0,0,0,-4.19,0.48,8.67,-0.95,-0.35,-1.42,197,9.641338081
17554,669,27994,27,0,0,0,-4.36,0.47,8.67,-0.98,-0.54,-1.32,198,9.715935364
17632,670,27996,27,0,0,0,-4.2,0.46,8.59,-1.19,-0.04,-1.41,199,9.572862686
17714,670,27997,27,0,0,0,-4.34,0.51,8.62,-0.95,-0.56,-1.25,200,9.664372716
17792,670,27986,27,0,0,0,-4.22,0.47,8.69,-0.96,-0.62,-1.3,201,9.671887096
17870,670,27988,27,0,0,0,-4.25,0.46,8.66,-0.74,-0.08,-1.31,202,9.657623931
17948,671,27987,27,0,0,0,-4.23,0.46,8.54,-1.07,-0.25,-1.38,203,9.541283981
18026,670,27988,27,0,0,0,-4.29,0.44,8.62,-1.08,-0.53,-1.25,204,9.638573546
18193,670,27984,27,0,0,0,-4.31,0.39,8.65,-0.88,-0.4,-1.3,205,9.672161082
18274,671,27987,27,0,0,0,-4.25,0.54,8.63,-1.06,-0.13,-1.46,206,9.634884535
18352,670,27992,27,0,0,0,-4.34,0.46,8.7,-1.07,-0.37,-1.27,207,9.733303653
18429,670,27990,27,0,0,0,-4.27,0.51,8.69,-0.99,0.04,-1.17,208,9.695829
18521,670,27985,27,0,0,0,-4.25,0.44,8.59,-0.99,-0.34,-1.19,209,9.593966854
18598,670,27986,27,0,0,0,-4.18,0.4,8.59,-1.06,-0.21,-1.19,210,9.5614068
18676,670,27988,27,0,0,0,-4.18,0.48,8.53,-1.01,0.26,-1.41,211,9.511240718
18755,671,27981,27,0,0,0,-4.27,0.44,8.67,-0.98,-0.56,-1.39,212,9.674471562
18833,671,27986,27,0,0,0,-4.32,0.5,8.67,-1.34,0.4,-1.4,213,9.699551536
18912,671,27988,27,0,0,0,-4.22,0.45,8.64,-1.16,-1.07,-1.37,214,9.626032412
18990,671,27979,27,0,0,0,-4.29,0.48,8.55,-1.06,-0.11,-1.47,215,9.577943412
19067,671,27982,27,0,0,0,-4.24,0.47,8.65,-0.64,0.05,-1.5,216,9.644739499
19237,671,27978,27,0,0,0,-4.21,0.51,8.67,-1.34,-0.15,-1.27,217,9.651585362
19317,671,27986,27,0,0,0,-4.28,0.5,8.62,-1.19,-0.6,-1.4,218,9.637053492
19396,671,27985,27,0,0,0,-4.29,0.47,8.66,-1.17,-0.05,-1.4,219,9.675773871
19474,670,27982,27,0,0,0,-4.17,0.46,8.64,-0.88,-0.56,-1.34,220,9.604691562
19552,671,27986,27,0,0,0,-4.23,0.48,8.53,-0.98,-0.25,-1.35,221,9.533320513
19631,671,27987,27,0,0,0,-4.27,0.45,8.68,-0.92,-0.27,-1.31,222,9.683893845
19708,670,27984,27,0,0,0,-4.22,0.47,8.65,-1.1,-0.34,-1.37,223,9.635963885
19787,670,27986,27,0,0,0,-4.25,0.41,8.63,-1.02,-0.27,-1.14,224,9.628473399
19865,670,27987,27,0,0,0,-4.27,0.46,8.54,-0.97,-0.3,-1.3,225,9.559084684
19946,670,27994,27,0,0,0,-4.23,0.43,8.61,-0.9,-0.4,-1.37,226,9.602598607
20025,670,27992,27,0,0,0,-4.26,0.48,8.7,-1.03,-0.34,-1.47,227,9.698865913
20103,670,27995,27,0,0,0,-4.23,0.46,8.63,-0.94,-0.25,-1.29,228,9.621922885
20269,669,27997,27,0,0,0,-4.22,0.53,8.64,-0.89,-0.42,-1.44,229,9.630103842
20349,670,27997,27,0,0,0,-4.14,0.47,8.58,-1.09,-0.24,-1.29,230,9.538181168
20427,670,27987,27,0,0,0,-4.24,0.43,8.67,-0.84,-0.27,-1.11,231,9.660817771
20506,670,27991,27,0,0,0,-4.28,0.49,8.63,-0.94,0.27,-1.46,232,9.645485991
20584,670,27986,27,0,0,0,-4.27,0.44,8.66,-0.98,-0.79,-1.19,233,9.66551085
20666,670,27988,27,0,0,0,-4.31,0.43,8.59,-1,-0.11,-1.48,234,9.62024428
20744,670,27982,27,0,0,0,-4.17,0.51,8.52,-0.88,-0.7,-1.3,235,9.499442089
20822,671,27981,27,0,0,0,-4.3,0.43,8.45,-1.1,-0.15,-1.22,236,9.490911442
20900,671,27977,27,0,0,0,-4.2,0.47,8.69,-0.98,-0.37,-1.27,237,9.663177531
20978,671,27985,27,0,0,0,-4.3,0.45,8.57,-1.15,0.11,-1.5,238,9.598822844
21056,671,27986,27,0,0,0,-4.28,0.5,8.6,-1,-0.09,-1.39,239,9.619168363
21135,670,27983,27,0,0,0,-4.28,0.48,8.62,-0.9,-0.82,-1.24,240,9.63603653
21301,670,27982,27,0,0,0,-4.29,0.49,8.68,-0.65,-0.37,-1.2,241,9.694668638
21382,671,27976,27,0,0,0,-4.3,0.43,8.58,-1.18,0.08,-1.27,242,9.606836108
21463,671,27984,27,0,0,0,-4.22,0.46,8.66,-1.11,-0.44,-1.6,243,9.644459549
21541,671,27982,27,0,0,0,-4.35,0.51,8.6,-1.1,-0.42,-1.24,244,9.651041395
21619,671,27984,27,0,0,0,-4.18,0.45,8.6,-0.99,-0.08,-1.38,245,9.572611974
21697,671,27982,27,0,0,0,-4.29,0.48,8.59,-1.08,-0.6,-1.18,246,9.613667354
21776,671,27981,27,0,0,0,-4.25,0.47,8.66,-1.21,0.11,-1.42,247,9.658105404
21854,671,27980,27,0,0,0,-4.27,0.46,8.66,-0.87,-0.53,-1.25,248,9.666441951
21933,670,27986,27,0,0,0,-4.24,0.46,8.57,-1.06,-0.19,-1.6,249,9.572570188
22010,670,27986,27,0,0,0,-4.24,0.47,8.65,-0.89,-0.16,-1.28,250,9.644739499
22091,670,27988,27,0,0,0,-4.26,0.5,8.5,-0.89,-0.5,-1.39,251,9.520903318
22170,670,27986,27,0,0,0,-4.18,0.45,8.53,-1.1,-0.17,-1.53,252,9.509773919
22336,669,28001,27,0,0,0,-4.25,0.48,8.68,-0.91,-0.15,-1.43,253,9.67653347
22417,669,27997,27,0,0,0,-4.29,0.46,8.65,-0.93,-0.48,-1.21,254,9.666343673
22495,669,27991,27,0,0,0,-4.25,0.46,8.67,-1.09,-0.32,-1.37,255,9.666591954
22573,670,27984,27,0,0,0,-4.22,0.5,8.62,-1.13,-0.21,-1.41,256,9.610556696
22651,670,27989,27,0,0,0,-4.55,0.17,8.68,-1.15,0.02,-1.02,257,9.801724338
22729,670,27993,27,0,0,0,-4.12,0.46,8.65,-0.84,-0.51,-1.53,258,9.59210613
22808,670,27991,27,0,0,0,-4.35,0.46,8.7,-0.94,-0.15,-1.15,259,9.737766684
22889,670,27993,27,0,0,0,-4.25,0.53,8.68,-1.08,-0.11,-1.39,260,9.679142524
22967,670,27986,27,0,0,0,-4.27,0.49,8.57,-0.82,-0.56,-1.47,261,9.587382333
23046,670,27990,27,0,0,0,-4.16,0.45,8.59,-0.98,-0.14,-1.35,262,9.5549045
23123,670,27988,27,0,0,0,-4.31,0.52,8.65,-1,-0.04,-1.26,263,9.67827464
23201,670,27987,27,0,0,0,-4.22,0.48,8.67,-0.93,-0.92,-1.34,264,9.654413498
23368,670,27990,27,0,0,0,-4.23,0.49,8.55,-0.84,-0.21,-1.34,265,9.551727592
23448,670,27990,27,0,0,0,-4.25,0.46,8.61,-1.15,-0.06,-1.28,266,9.612814364
23527,670,27991,27,0,0,0,-4.25,0.44,8.64,-0.95,-0.56,-1.35,267,9.638760294
23608,670,27996,27,0,0,0,-4.19,0.42,8.64,-1.17,0.03,-1.39,268,9.611560747
23687,670,27998,27,0,0,0,-4.21,0.5,8.56,-1.02,-0.84,-1.21,269,9.552366199
23764,669,27995,27,0,0,0,-4.26,0.49,8.51,-1.04,-0.15,-1.38,270,9.529312672
23842,670,27993,27,0,0,0,-4.25,0.46,8.62,-1.22,-0.34,-1.31,271,9.621772186
23921,669,28000,27,0,0,0,-4.19,0.47,8.54,-0.84,-0.57,-1.25,272,9.524106257
23999,670,28001,27,0,0,0,-4.33,0.5,8.77,-0.95,-0.4,-1.19,273,9.793456999
24077,669,27992,27,0,0,0,-4.3,0.42,8.67,-0.82,-0.44,-1.39,274,9.686862237
24156,670,27998,27,0,0,0,-4.24,0.49,8.69,-0.98,-0.38,-1.21,275,9.681621765
24233,669,27993,27,0,0,0,-4.27,0.47,8.7,-1.21,-0.52,-1.15,276,9.7027728
24413,670,27993,27,0,0,0,-4.29,0.46,8.6,-1.05,-3.62,-1.4,277,9.621626682
24493,670,27994,27,0,0,0,-4.11,0.45,8.63,-1.26,0.73,-1.21,278,9.56929987
24571,669,27994,27,0,0,0,-4.28,0.43,8.61,-0.87,-1.05,-1.46,279,9.624728568
24649,670,27993,27,0,0,0,-4.14,0.47,8.66,-1.17,0.3,-1.4,280,9.610208114
24727,670,27990,27,0,0,0,-4.29,0.45,8.63,-0.85,-0.98,-1.42,281,9.647979063
24806,670,27992,27,0,0,0,-4.26,0.46,8.57,-1.25,0.08,-1.22,282,9.581445611
24884,670,27990,27,0,0,0,-4.27,0.47,8.6,-0.87,-0.84,-1.44,283,9.613209662
24962,670,27984,27,0,0,0,-4.28,0.49,8.63,-1.21,0.45,-1.4,284,9.645485991
25040,670,27988,27,0,0,0,-4.19,0.5,8.63,-0.95,-0.53,-1.18,285,9.606404114
25121,670,27988,27,0,0,0,-4.23,0.49,8.63,-0.97,-0.33,-1.41,286,9.623403764
25200,670,27989,27,0,0,0,-4.25,0.47,8.72,-0.92,-0.56,-1.37,287,9.711941104
25278,670,27984,27,0,0,0,-4.14,0.38,8.62,-1.02,-0.58,-1.22,288,9.570182861
25444,670,27985,27,0,0,0,-4.31,0.5,8.63,-1.27,-0.31,-1.27,289,9.659347804
25525,671,27982,27,0,0,0,-4.22,0.46,8.68,-0.97,-0.73,-1.27,290,9.662422057
25603,670,27988,27,0,0,0,-4.23,0.51,8.56,-1.18,-0.21,-1.29,291,9.561725786
25681,670,27981,27,0,0,0,-4.26,0.45,8.51,-1,-0.27,-1.39,292,9.527339608
25759,671,27984,27,0,0,0,-4.19,0.47,8.68,-0.98,-0.35,-1.3,293,9.649839377
25841,670,27985,27,0,0,0,-4.27,0.42,8.59,-0.93,-0.34,-1.38,294,9.601947719
25919,670,27988,27,0,0,0,-4.33,0.48,8.67,-0.92,-0.3,-1.34,295,9.702999536
25997,670,27983,27,0,0,0,-4.23,0.48,8.62,-0.81,-0.34,-1.31,296,9.613932598
26076,671,27988,27,0,0,0,-4.24,0.46,8.65,-0.87,0.02,-1.39,297,9.644257359
26153,670,27982,27,0,0,0,-4.25,0.46,8.58,-1.04,-0.35,-1.24,298,9.585953265
26231,671,27988,27,0,0,0,-4.18,0.46,8.55,-0.99,-0.18,-1.34,299,9.528195002
26310,670,27986,27,0,0,0,-4.21,0.52,8.6,-1,-0.38,-1.34,300,9.589290902
26476,671,27991,27,0,0,0,-4.25,0.47,8.67,-1,-0.47,-1.4,301,9.66707298
26557,670,27990,27,0,0,0,-4.11,0.47,8.65,-1.06,-0.16,-1.34,302,9.588300162
26638,670,27990,27,0,0,0,-4.23,0.45,8.7,-0.98,-0.21,-1.22,303,9.684286241
26717,670,27989,27,0,0,0,-4.23,0.5,8.58,-1,-0.41,-1.56,304,9.579107474
26795,670,27989,27,0,0,0,-4.21,0.47,8.67,-1.04,-0.12,-1.25,305,9.649554394
26872,670,27988,27,0,0,0,-4.22,0.43,8.74,-1.09,-0.48,-1.36,306,9.714983273
26951,670,27993,27,0,0,0,-4.21,0.49,8.61,-1.13,-0.18,-1.4,307,9.596681718
27029,670,27990,27,0,0,0,-4.16,0.43,8.64,-0.86,0.17,-1.36,308,9.598963486
27107,670,27990,27,0,0,0,-4.28,0.47,8.58,-0.83,-0.53,-1.36,309,9.599776039
27186,671,27995,27,0,0,0,-4.17,0.52,8.58,-1.06,-0.19,-1.27,310,9.553831692
27267,670,27993,27,0,0,0,-4.22,0.44,8.65,-0.94,-0.97,-1.43,311,9.634547213
27345,670,27990,27,0,0,0,-4.18,0.38,8.63,-0.92,0.27,-1.27,312,9.596546254
27511,669,27989,27,0,0,0,-4.26,0.46,8.65,-0.98,0.21,-1.5,313,9.65306687
27592,669,27995,27,0,0,0,-4.21,0.54,8.65,-1,-0.47,-1.26,314,9.63525817
27670,670,27993,27,0,0,0,-4.27,0.44,8.64,-1.08,-0.37,-1.5,315,9.647595555
27748,670,27994,27,0,0,0,-4.28,0.46,8.65,-1.02,-0.17,-1.24,316,9.661909749
27827,670,27995,27,0,0,0,-4.21,0.46,8.65,-0.93,-0.44,-1.22,317,9.631105856
27905,669,27993,27,0,0,0,-4.22,0.45,8.71,-1.15,-0.37,-1.35,318,9.688911188
27982,670,27992,27,0,0,0,-4.16,0.46,8.6,-0.95,0.47,-1.24,319,9.564371386
28064,670,27995,27,0,0,0,-4.26,0.43,8.62,-0.95,-0.92,-1.5,320,9.624806492
28142,669,27993,27,0,0,0,-4.27,0.5,8.67,-1.03,0,-1.37,321,9.677386011
28221,670,27994,27,0,0,0,-4.21,0.45,8.68,-0.94,-0.56,-1.32,322,9.657587691
28299,670,27993,27,0,0,0,-4.24,0.48,8.54,-0.96,-0.04,-1.21,323,9.546706238
28377,670,27990,27,0,0,0,-4.2,0.45,8.69,-0.88,-0.42,-1.24,324,9.662225417
28544,671,27982,27,0,0,0,-4.24,0.5,8.57,-0.96,-0.37,-1.25,325,9.574575709
28623,671,27989,27,0,0,0,-4.24,0.52,8.63,-0.81,-0.3,-1.37,326,9.629376927
28702,670,27985,27,0,0,0,-4.22,0.49,8.61,-1.09,-0.38,-1.43,327,9.601072857
28783,670,27990,27,0,0,0,-4.13,0.46,8.63,-1.03,-0.31,-1.34,328,9.578381909
28861,670,27994,27,0,0,0,-4.21,0.45,8.61,-1.08,-0.32,-1.4,329,9.594722508
28940,670,27990,27,0,0,0,-4.32,0.46,8.47,-1.18,-0.27,-1.26,330,9.51918589
29018,670,27989,27,0,0,0,-4.22,0.49,8.69,-0.94,-0.02,-1.32,331,9.672879613
29096,669,27997,27,0,0,0,-4.3,0.47,8.66,-0.92,-0.19,-1.24,332,9.680211775
29174,670,28001,27,0,0,0,-4.26,0.5,8.67,-1,-0.28,-1.4,333,9.672977825
29252,670,27991,27,0,0,0,-4.26,0.49,8.65,-1.01,-0.37,-1.44,334,9.654542972
29331,670,27995,27,0,0,0,-4.17,0.52,8.56,-0.95,-0.5,-1.34,335,9.53587437
29409,670,27992,27,0,0,0,-4.21,0.41,8.65,-1.07,-0.18,-1.31,336,9.628847283
29579,670,27993,27,0,0,0,-4.21,0.45,8.72,-0.98,-0.5,-1.27,337,9.69355456
29659,670,27990,27,0,0,0,-4.25,0.46,8.64,-0.95,-0.49,-1.49,338,9.639693979
29737,670,27990,27,0,0,0,-4.16,0.49,8.6,-1.04,0.35,-1.24,339,9.565861174
29815,670,27995,27,0,0,0,-4.25,0.45,8.67,-0.79,-0.89,-1.48,340,9.666121249
29893,670,27991,27,0,0,0,-4.31,0.51,8.67,-1.15,0.27,-1.35,341,9.695622724
29972,669,27998,27,0,0,0,-4.17,0.54,8.63,-1.02,-0.71,-1.35,342,9.599864582
30050,670,27992,27,0,0,0,-4.25,0.5,8.63,-1.09,-0.15,-1.24,343,9.632725471
30129,670,27997,27,0,0,0,-4.28,0.44,8.75,-0.95,-0.37,-1.34,344,9.750615365
30206,669,27994,27,0,0,0,-4.21,0.47,8.59,-1.08,-0.4,-1.34,345,9.577739817
30297,669,27998,27,0,0,0,-4.21,0.48,8.67,-0.99,-0.11,-1.4,346,9.650046632
30375,670,27999,27,0,0,0,-4.21,0.44,8.62,-0.97,-0.35,-1.34,347,9.60323383
30453,669,28002,27,0,0,0,-4.23,0.49,8.67,-0.88,-0.15,-1.13,348,9.659290864
137,670,27987,27,0,0,0,-4.13,0.49,8.65,-1.05,-0.2,-1.11,349,9.597890393
218,670,27989,27,0,0,0,-4.22,0.52,8.66,-1.14,-0.47,-1.31,350,9.64750745
295,670,27987,27,0,0,0,-4.22,0.45,8.65,-0.89,-0.38,-1.27,351,9.635009081
374,670,27994,27,0,0,0,-4.25,0.49,8.63,-0.93,-0.26,-1.22,352,9.632211584
452,670,27996,27,0,0,0,-4.24,0.47,8.67,-1.05,-0.19,-1.21,353,9.662680787
533,669,27994,27,0,0,0,-4.2,0.48,8.57,-1.18,-0.02,-1.34,354,9.555903934
612,670,27992,27,0,0,0,-4.29,0.44,8.56,-0.92,-0.38,-1.41,355,9.584951747
690,670,27995,27,0,0,0,-4.25,0.52,8.56,-0.97,-0.18,-1.31,356,9.57112846
768,669,27997,27,0,0,0,-4.27,0.49,8.69,-0.92,-0.37,-1.28,357,9.694797574
845,670,27996,27,0,0,0,-4.17,0.47,8.7,-0.92,-0.37,-1.29,358,9.65918216
924,670,27997,27,0,0,0,-4.17,0.45,8.67,-0.99,-0.18,-1.47,359,9.631214877
1002,670,28003,27,0,0,0,-4.22,0.46,8.66,-0.81,-0.3,-1.31,360,9.644459549
1168,669,27989,27,0,0,0,-4.17,0.46,8.68,-0.6,-1.17,-1.43,361,9.640689809
1249,670,27994,27,0,0,0,-4.19,0.47,8.68,-1.67,0.13,-1.47,362,9.649839377
1330,670,27992,27,0,0,0,-4.16,0.42,8.62,-1.23,3.56,-1.49,363,9.580521906
1409,670,27990,27,0,0,0,-3.88,0.01,8.74,0.54,-2.85,-1.82,364,9.562536274
1486,670,27985,27,0,0,0,-4.16,0.5,8.51,-0.91,2.73,-1.44,365,9.485552172
1565,670,27990,27,0,0,0,-4.35,0.48,8.69,-0.44,0.47,-1.47,366,9.729799587
1643,671,27987,27,0,0,0,-4.24,0.47,8.56,-0.37,-0.69,-1.31,367,9.564104767
1721,670,27985,27,0,0,0,-5.16,0.98,8.47,1.63,-4.93,-3.22,368,9.966288176
1800,670,27995,27,0,0,0,-4.06,0.63,8.47,-0.85,-0.69,-0.34,369,9.413893987
1878,670,27994,27,0,0,0,-3.78,0.22,8.85,1.11,6.92,-3.45,370,9.625970081
1955,670,27990,27,0,0,0,-4.63,0.44,8.51,7.18,0.87,-8.37,371,9.69796886
2037,670,27989,27,0,0,0,-4.95,0.68,9.86,6.49,-12.84,-5.65,372,11.05370978
2203,670,27982,27,0,0,0,-3.98,0.68,8.61,-5.22,-0.83,0.16,373,9.5097266
2284,670,27987,27,0,0,0,-4.03,0.5,8.75,-1.67,-2.94,-1.34,374,9.646419025
2362,670,27989,27,0,0,0,-4.25,0.31,8.44,-1.6,-2.84,-1.71,375,9.454744841
2440,670,27993,27,0,0,0,-4.07,0.46,8.74,-1.19,-2.93,-1.4,376,9.6521552
2519,670,27991,27,0,0,0,-3.93,0.48,8.69,-0.97,-2.31,-1.34,377,9.54941883
2596,670,27995,27,0,0,0,-3.96,0.51,8.67,-0.84,-0.71,-1.21,378,9.545187269
2674,670,27992,27,0,0,0,-3.95,0.51,8.78,-0.45,-2.6,-1.32,379,9.641109895
2753,669,27992,27,0,0,0,-3.91,0.51,8.84,-0.86,-0.16,-1.13,380,9.679555775
2834,669,27992,27,0,0,0,-3.97,0.5,8.78,-0.66,-0.66,-1.31,381,9.648797853
2913,670,27995,27,0,0,0,-3.87,0.48,8.76,-0.92,-0.21,-1.38,382,9.58879033
2991,670,27990,27,0,0,0,-4.01,0.59,8.77,-0.83,-0.69,-1.45,383,9.661319786
3068,669,28002,27,0,0,0,-3.86,0.44,8.58,-1.5,-0.34,-1.48,384,9.418577387
3235,670,27993,27,0,0,0,-3.97,0.47,8.76,-0.96,-0.35,-1.36,385,9.629091338
3315,670,27988,27,0,0,0,-3.96,0.53,8.71,-0.94,-0.16,-1.31,386,9.582619684
3394,670,27995,27,0,0,0,-3.93,0.49,8.78,-0.86,-0.4,-1.31,387,9.631894933
3472,670,27987,27,0,0,0,-3.92,0.56,8.81,-0.94,-0.34,-1.39,388,9.65899063
3553,670,27989,27,0,0,0,-3.95,0.53,8.83,-0.93,-0.09,-1.23,389,9.687739674
3632,670,27992,27,0,0,0,-3.87,0.51,8.77,-1.01,-0.08,-1.51,390,9.599473944
3709,670,27991,27,0,0,0,-3.96,0.47,8.77,-1.08,-0.24,-1.34,391,9.634074943
3787,670,27987,27,0,0,0,-3.92,0.49,8.77,-0.95,-0.27,-1.29,392,9.618700536
3866,671,27988,27,0,0,0,-3.96,0.51,8.77,-0.9,-0.24,-1.34,393,9.636109173
3944,670,27984,27,0,0,0,-3.98,0.5,8.8,-0.89,-0.32,-1.46,394,9.671111622
4023,670,27983,27,0,0,0,-3.97,0.55,8.81,-0.88,-0.22,-1.23,395,9.678817076
4101,671,27990,27,0,0,0,-3.92,0.51,8.79,-1.08,-0.29,-1.37,396,9.637976966
4267,671,27985,27,0,0,0,-3.89,0.44,8.79,-1.12,-0.11,-1.37,397,9.622359378
4350,670,27991,27,0,0,0,-3.95,0.48,8.69,-1.15,-0.3,-1.27,398,9.557667079
4428,669,27991,27,0,0,0,-4.03,0.53,8.78,-1.04,-0.37,-1.21,399,9.675236431
4507,670,27997,27,0,0,0,-3.97,0.49,8.78,-0.78,-0.29,-1.31,400,9.648284822
4585,670,27996,27,0,0,0,-3.89,0.52,8.83,-1.05,-0.21,-1.24,401,9.662887767
4663,670,27996,27,0,0,0,-3.89,0.52,8.75,-0.97,-0.42,-1.44,402,9.589838372
4742,669,27992,27,0,0,0,-3.94,0.47,8.75,-0.83,-0.47,-1.24,403,9.607653199
4819,670,27988,27,0,0,0,-3.97,0.48,8.77,-0.83,-0.31,-1.31,404,9.638682483
4897,670,27993,27,0,0,0,-3.95,0.46,8.76,-1.15,-0.24,-1.28,405,9.62037941
4976,670,27993,27,0,0,0,-3.97,0.49,8.79,-0.92,-0.27,-1.27,406,9.657385775
5057,670,27998,27,0,0,0,-3.9,0.48,8.89,-0.89,-0.28,-1.27,407,9.719696497
5136,670,27991,27,0,0,0,-3.94,0.52,8.81,-1.05,-0.24,-1.38,408,9.664890067
5302,670,27993,27,0,0,0,-3.79,0.4,8.78,-0.91,-0.97,-1.18,409,9.571441898
5383,670,27990,27,0,0,0,-4.1,0.51,8.8,-0.72,-2.27,-1.23,410,9.721630522
5460,670,27991,27,0,0,0,-3.85,0.48,8.8,-1.14,-0.26,-1.48,411,9.617322912
5538,670,27998,27,0,0,0,-3.81,0.55,8.91,-0.89,0.06,-1.83,412,9.7060136
5617,670,27997,27,0,0,0,-4.17,0.57,8.84,-1.78,-0.59,-1.38,413,9.790781378
5695,669,28000,27,0,0,0,-4.08,0.63,8.64,-0.6,4.97,-1.46,414,9.575640971
5785,670,27996,27,0,0,0,-3.75,0.73,8.63,-4.34,0.53,-1.98,415,9.437812246
5864,669,27999,27,0,0,0,-4.38,0.56,8.95,-3.5,0.76,-0.63,416,9.98000501
5942,670,27996,27,0,0,0,-4.22,0.69,8.78,-4.3,-12.6,-3.04,417,9.765904976
6020,670,27996,27,0,0,0,-4.34,0.67,8.51,-5.36,-0.05,1.17,418,9.576251876
6098,669,27998,27,0,0,0,-4.01,0.5,8.7,-1.18,-1.5,-1.36,419,9.592710774
6176,670,27988,27,0,0,0,-3.95,0.49,9.13,-6.78,-4.7,1.44,420,9.959894578
6343,670,27994,27,0,0,0,-4,0.38,8.79,-6.92,2.99,-1.76,421,9.664807292
6423,670,27992,27,0,0,0,-3.81,0.53,9.35,-4.11,1.6,9.79,422,10.11036597
6502,670,27988,27,0,0,0,-4.45,0.36,9.03,6.87,-10.64,-1.63,423,10.07338076
6583,670,27994,27,0,0,0,-3.54,0.3,8.82,-3.48,-3.09,-0.4,424,9.508627661
6661,670,27995,27,0,0,0,-3.26,0.44,8.98,-1.86,-6.12,-3.93,425,9.563555824
6739,670,27991,27,0,0,0,-3.42,0,8.95,8.44,-15.02,4.18,426,9.58117425
6817,670,27991,27,0,0,0,-4.14,0.81,9.37,1.63,-11.85,-21.05,427,10.275826
6896,670,27991,27,0,0,0,-3.32,0.23,9.05,-8.85,-4.95,5.82,428,9.642499676
6974,670,27992,27,0,0,0,-4.15,0.52,9.23,-7.12,19.07,5.89,429,10.13340022
7052,670,27993,27,0,0,0,-1.78,0.83,8.59,-1.98,5.59,-3.7,430,8.811662726
7131,670,27992,27,0,0,0,-3.38,0.84,9.19,-6.81,6.05,13.3,431,9.82782275
7208,670,27990,27,0,0,0,-6.85,-0.56,9.29,-12.56,14.17,14.69,432,11.5559595
539,669,27994,27,0,0,0,-0.39,9.81,-0.05,-0.81,-0.5,-1.6,433,9.817876552
620,669,27994,27,0,0,0,-0.28,9.71,-0.04,-1.18,-0.35,-2.01,434,9.714118591
699,669,27995,27,0,0,0,-0.12,9.76,-0.13,-0.45,-1.31,-1.21,435,9.761603352
777,670,28000,27,0,0,0,-0.07,9.8,-0.24,-0.71,0.87,-0.75,436,9.803188257
855,669,28004,27,0,0,0,-0.13,9.75,-0.41,-1.27,-0.63,-1.73,437,9.759482568
933,669,28000,27,0,0,0,-0.3,9.74,-0.28,-0.63,-0.62,-1.14,438,9.748640931
1011,669,28000,27,0,0,0,-0.19,9.72,-0.37,-1.05,-0.62,-1.2,439,9.728895107
1089,669,28011,27,0,0,0,-0.28,9.75,-0.39,-0.85,0.04,-1.25,440,9.761813356
1177,669,27999,27,0,0,0,-0.44,9.69,-0.09,-0.6,-1.37,-1.19,441,9.700402054
1256,670,27999,27,0,0,0,-0.1,9.78,-0.17,-0.59,-2.15,-0.99,442,9.78198855
1334,670,27997,27,0,0,0,-0.25,9.74,-0.16,-0.63,-0.52,-1.29,443,9.744521538
1412,670,28004,27,0,0,0,-0.34,9.66,-0.23,-1.34,0.39,-1.79,444,9.668717599
1579,669,27998,27,0,0,0,-0.41,9.67,0.06,0.62,-3.19,-0.75,445,9.678873901
1658,669,27991,27,0,0,0,0.11,9.81,-0.42,-0.77,-0.22,-1.39,446,9.819602843
1737,669,28006,27,0,0,0,-0.28,9.66,-0.04,-2.06,-1.41,-2.32,447,9.6641399
1815,670,27997,27,0,0,0,-0.43,9.71,0.17,-0.9,-3,-0.98,448,9.721003035
1893,670,27994,27,0,0,0,-0.19,9.77,-0.2,-0.18,-1.13,-0.9,449,9.773893799
1975,669,27997,27,0,0,0,-0.35,9.73,-0.19,-1.08,-0.76,-1.81,450,9.738146641
2053,669,28003,27,0,0,0,-0.51,9.69,-0.16,-1.2,-0.37,-1.27,451,9.704730805
2130,669,27996,27,0,0,0,-0.2,9.81,-0.21,-0.79,1.19,-0.9,452,9.814285506
2209,669,28002,27,0,0,0,-0.06,9.87,-0.38,-1.21,0.11,-1.6,453,9.877494622
2287,669,27997,27,0,0,0,-0.2,9.83,-0.19,-1.16,0.15,-1.57,454,9.833870042
2365,669,28003,27,0,0,0,-0.19,9.84,-0.16,-1.18,-0.34,-1.17,455,9.843134663
2444,669,28005,27,0,0,0,0.09,9.81,-0.41,-0.84,-1.38,-1.25,456,9.818976525
2610,669,27998,27,0,0,0,-0.12,9.81,-0.24,-1.12,0.25,-1.02,457,9.813669039
2691,669,28007,27,0,0,0,-0.09,9.77,-0.27,-1.04,-0.77,-1.2,458,9.774144464
2771,669,28008,27,0,0,0,-0.1,9.9,-0.26,-1.31,-0.63,-1.28,459,9.903918416
2849,669,28011,27,0,0,0,-0.12,9.74,-0.22,-1.11,0.08,-1.24,460,9.743223286
2928,668,28017,27,0,0,0,-0.12,9.83,-0.19,-0.73,0.64,-1.04,461,9.832568332
3006,668,28004,27,0,0,0,-0.17,9.76,-0.33,-1.08,1.42,-1.19,462,9.767056875
3084,668,28010,27,0,0,0,-0.26,9.77,-0.21,-1.34,0.17,-1.57,463,9.775714808
3163,670,28001,27,0,0,0,-0.34,9.73,0,-1.62,1.45,-1.24,464,9.735938578
3240,669,27998,27,0,0,0,-0.47,9.67,-0.15,-1.39,1.81,-1.34,465,9.682577136
3318,669,27997,27,0,0,0,-0.31,9.77,-0.01,-1.27,0.38,-1.6,466,9.774921995
3400,669,27997,27,0,0,0,-0.52,9.72,-0.01,-1.11,-0.16,-1.47,467,9.733904664
3478,669,27994,27,0,0,0,-0.15,9.81,-0.26,-0.98,-0.15,-1.29,468,9.814591178
3645,669,27993,27,0,0,0,-0.1,9.82,-0.2,-0.47,0.47,-1.27,469,9.822545495
3725,669,27999,27,0,0,0,-0.49,9.8,-0.17,-1.78,1.11,-1.95,470,9.813714893
3804,670,27998,27,0,0,0,-0.26,9.88,0.03,-1.25,3.05,-1.24,471,9.883465991
3881,669,27993,27,0,0,0,0.12,9.66,-0.41,-0.86,2.76,-1.83,472,9.669441556
3959,669,28001,27,0,0,0,0.03,9.84,-0.14,-0.92,2.73,-1.42,473,9.841041612
4038,669,28001,27,0,0,0,-0.23,9.88,0.07,-0.95,1.02,-1.56,474,9.882924668
4116,669,28002,27,0,0,0,-0.13,9.84,0.09,-0.57,0.63,-1.09,475,9.841270243
4197,670,27997,27,0,0,0,0.19,9.78,-0.34,-0.93,-0.24,-1.46,476,9.787752551
4276,670,27993,27,0,0,0,-0.26,9.65,-0.19,-0.82,1.21,-1.46,477,9.655371562
4354,670,27996,27,0,0,0,-0.26,9.76,-0.31,-1.22,0.79,-1.47,478,9.768382671
4431,670,28001,27,0,0,0,-0.18,9.76,0.03,-1.4,0.92,-1.59,479,9.761705794
4510,669,28002,27,0,0,0,-0.36,9.72,0,-1.2,1.89,-1.21,480,9.726664382
4676,669,27998,27,0,0,0,-0.09,9.85,-0.25,-0.27,1.77,-0.6,481,9.853583105
4757,669,27993,27,0,0,0,-0.31,9.72,0.1,-1.48,0.46,-1.96,482,9.725456287
4835,669,27990,27,0,0,0,-0.14,9.75,-0.02,-0.6,-0.34,-1.08,483,9.751025587
4913,670,27983,27,0,0,0,-0.51,9.84,-0.06,-0.76,0.18,-1.4,484,9.853390279
5006,670,27993,27,0,0,0,-0.33,9.66,-0.51,-0.84,0.9,-1.44,485,9.679080535
5084,669,28006,27,0,0,0,-0.08,9.82,-0.17,-1.47,-0.16,-1.73,486,9.821797188
5163,669,27998,27,0,0,0,-0.12,9.8,-0.23,-1.13,-0.01,-1.55,487,9.803433072
5240,668,28003,27,0,0,0,-0.1,9.81,-0.34,-1.02,-0.19,-1.37,488,9.816399544
5318,670,28001,27,0,0,0,0.21,9.75,-0.32,-0.89,0.04,-1.5,489,9.757509928
5397,670,27987,27,0,0,0,-0.42,9.71,0.05,-1.24,0.4,-1.54,490,9.719207787
5475,670,27998,27,0,0,0,-0.06,9.81,-0.05,-1.13,-0.91,-1.5,491,9.810310902
5553,669,27995,27,0,0,0,-0.32,9.77,-0.06,-0.89,-0.05,-1.23,492,9.775423264
5726,669,28007,27,0,0,0,-0.09,9.93,-0.37,-0.76,-1.23,-1.23,493,9.937298426
5807,670,27995,27,0,0,0,-0.1,9.74,-0.27,-1.08,1.17,-1.38,494,9.744254718
5884,669,27989,27,0,0,0,-0.04,9.88,-0.03,-1.27,0.39,-1.57,495,9.880126517
5963,669,27994,27,0,0,0,-0.25,9.73,0.11,-1.06,-0.05,-1.33,496,9.73383275
6041,669,27999,27,0,0,0,-0.25,9.79,-0.39,-0.87,-0.48,-1.01,497,9.800954035
6119,669,28003,27,0,0,0,-0.38,9.83,-0.41,-0.99,-2.34,-1.37,498,9.845882388
6198,668,28010,27,0,0,0,-0.34,9.83,-0.29,-1.41,-1.11,-1.21,499,9.840152438
6276,668,28008,27,0,0,0,-0.6,9.7,-0.27,-1.05,0.65,-1.36,500,9.722288825
6353,668,28015,27,0,0,0,-0.53,9.75,-0.38,-1.19,0.89,-1.4,501,9.771785917
6435,668,28010,27,0,0,0,-0.19,9.82,-0.3,-1.53,1.31,-1.38,502,9.826418473
6513,669,28011,27,0,0,0,-0.41,9.71,-0.23,-1.62,0.56,-1.37,503,9.72137336
6591,668,28013,27,0,0,0,-0.17,9.85,-0.23,-0.99,0.05,-1.46,504,9.854151409
6758,669,28006,27,0,0,0,-0.1,9.81,-0.14,-1.04,0.85,-1.27,505,9.811508549
6838,669,28003,27,0,0,0,-0.07,9.76,0.09,-0.93,0.52,-1.53,506,9.760665961
6917,668,28009,27,0,0,0,-0.07,9.81,-0.23,-0.94,1.11,-1.2,507,9.812945531
6994,669,27995,27,0,0,0,0.18,9.82,-0.27,-0.99,0.71,-1.11,508,9.825360044
7072,668,28011,27,0,0,0,0.06,9.76,-0.19,-1.08,0.66,-1.38,509,9.7620336
7151,668,28009,27,0,0,0,0.02,9.87,-0.46,-1.27,-0.34,-1.4,510,9.880733778
7232,668,28013,27,0,0,0,-0.15,9.68,0.01,-1.26,1.45,-1.08,511,9.681167285
7310,668,28003,27,0,0,0,0.06,9.85,-0.17,-1.05,-0.01,-1.22,512,9.851649608
7389,668,28003,27,0,0,0,0.01,9.85,-0.24,-1.1,1.02,-1,513,9.852928499
7467,668,28007,27,0,0,0,-0.39,9.72,-0.1,-1.27,-0.37,-1.28,514,9.728334904
7544,668,28006,27,0,0,0,-0.27,9.81,-0.42,-0.55,-0.88,-0.97,515,9.822698204
7623,669,28007,27,0,0,0,-0.39,9.74,-0.23,-1.38,-0.77,-1.6,516,9.750517935
7789,670,27998,27,0,0,0,-0.46,9.76,-0.31,-1.04,-0.8,-1.28,517,9.775750611
7870,669,28001,27,0,0,0,-0.11,9.89,-0.64,-1.15,1.71,-0.31,518,9.911296585
7951,669,27998,27,0,0,0,-0.7,9.74,-0.07,-1.05,3.31,-1.5,519,9.765372497
8030,669,27998,27,0,0,0,-0.2,9.87,-0.61,-0.6,-2.89,-1.13,520,9.890854361
8108,669,27997,27,0,0,0,-0.43,9.72,0.04,-0.85,0.74,-1.45,521,9.729588892
8185,669,27998,27,0,0,0,-0.37,9.79,-0.42,-1.3,-1.58,-1.5,522,9.805987967
8264,669,27999,27,0,0,0,-0.34,9.76,-0.17,-1.2,-2.07,-1.74,523,9.767399859
8342,669,27987,27,0,0,0,-0.49,9.67,-0.3,-0.45,-0.6,-1.17,524,9.687053216
8420,670,27995,27,0,0,0,-0.03,9.75,-0.3,-1.25,0.51,-1.34,525,9.754660425
8498,669,27994,27,0,0,0,-0.12,9.84,-0.33,-1.82,1.16,-1.85,526,9.846263251
8577,670,27993,27,0,0,0,-0.48,9.77,-0.13,-1.95,2.61,-2.5,527,9.782647903
8657,670,27990,27,0,0,0,-0.26,9.86,-0.25,-1.15,3.21,-1.51,528,9.866595157
8824,670,27993,27,0,0,0,-0.47,9.69,-0.45,-1.93,0.42,-2.09,529,9.711822692
8904,669,27992,27,0,0,0,-0.32,9.79,0.02,-0.08,2.16,-0.42,530,9.795248848
8983,670,27996,27,0,0,0,-0.11,9.73,-0.27,0.28,0.61,-0.13,531,9.734366954
9061,669,28000,27,0,0,0,0.26,9.84,-0.72,-1.66,2.85,-1.62,532,9.869731506
9139,669,27995,27,0,0,0,-0.34,9.82,-0.02,-1.77,2.79,-2.67,533,9.825904539
9218,670,27994,27,0,0,0,-0.05,9.81,-0.2,-1.16,1.75,-0.94,534,9.812165918
9295,669,28004,27,0,0,0,0,9.94,-0.01,-1.4,1.25,-1.44,535,9.94000503
9373,670,28005,27,0,0,0,0,9.76,-0.22,-1.61,-0.44,-1.83,536,9.762479193
9455,669,28004,27,0,0,0,-0.28,9.74,-0.31,-1.56,-0.15,-1.9,537,9.74895379
9533,669,28006,27,0,0,0,-0.57,9.72,0.2,-0.82,-0.61,-1.35,538,9.738752487
9611,668,28001,27,0,0,0,-0.15,9.78,-0.7,-1.37,-1.82,-1.56,539,9.806166427
9690,669,28004,27,0,0,0,-0.39,9.82,-0.5,-1,1.28,-1.73,540,9.840452225
9856,669,28012,27,0,0,0,-0.4,9.82,-0.26,-1.03,2.85,-0.87,541,9.831581765
9936,669,28008,27,0,0,0,-0.27,9.69,-0.12,-1.19,0.25,-1.96,542,9.694503597
10014,669,28008,27,0,0,0,-0.38,9.83,-0.15,-1.31,-0.45,-1.53,543,9.838485656
10092,669,28009,27,0,0,0,-0.4,9.69,0.17,-0.89,0.74,-1.15,544,9.699742265
10174,669,27999,27,0,0,0,-0.22,9.79,-0.15,-0.82,0.69,-1.08,545,9.793620372
10252,669,27999,27,0,0,0,-0.37,9.8,-0.2,-1.39,0.4,-1.58,546,9.809021358
10331,668,28011,27,0,0,0,-0.53,9.75,-0.01,-1.66,0.52,-1.31,547,9.764399623
10408,669,28003,27,0,0,0,-0.27,9.83,0,-0.09,2.31,-0.86,548,9.833707338
10486,669,28004,27,0,0,0,-0.26,9.81,-0.36,-0.49,0.5,-0.9,549,9.820045825
10565,669,28009,27,0,0,0,-0.06,9.82,-0.64,-1.22,0.07,-1.58,550,9.841016208
10643,669,27998,27,0,0,0,-0.53,9.84,-0.36,-1.01,-1.31,-0.97,551,9.860836678
10721,669,28011,27,0,0,0,-0.08,9.85,-0.22,-0.47,0.91,-1.01,552,9.852781333
10888,669,28006,27,0,0,0,-0.56,9.74,-0.16,-0.98,-1.59,-1.49,553,9.757397194
10981,669,28011,27,0,0,0,-0.29,9.75,-0.3,-0.12,-2.16,-0.97,554,9.758924121
11059,669,27999,27,0,0,0,-0.02,9.86,-0.61,-0.64,-1.22,-1.18,555,9.878871393
11137,669,28007,27,0,0,0,-0.17,9.71,-0.26,-0.94,0.99,-1.55,556,9.714967833
11215,668,28011,27,0,0,0,-0.24,9.75,-0.22,-1,1.69,-1.4,557,9.755434383
11293,668,28009,27,0,0,0,-0.28,9.9,-0.31,-0.79,0.35,-1.31,558,9.908809212
11371,668,28007,27,0,0,0,-0.06,9.68,-0.25,-1.02,0.5,-1.6,559,9.683413654
11450,669,28002,27,0,0,0,-0.21,9.81,-0.17,-1.12,-0.84,-1.24,560,9.813719988
11528,669,28005,27,0,0,0,-0.55,9.79,-0.38,-1.22,-1.8,-1.38,561,9.812797766
11611,668,28006,27,0,0,0,-0.45,9.75,-0.05,-0.66,-3.18,-1.53,562,9.760507159
11688,668,28009,27,0,0,0,-0.16,9.74,-0.28,-1.41,-1.02,-1.62,563,9.745337347
11766,669,28014,27,0,0,0,-0.36,9.72,-0.34,-2.02,-1.17,-2.11,564,9.732604996
11933,668,28003,27,0,0,0,-0.46,9.71,-0.18,-0.76,-0.83,-1.03,565,9.722556248
12013,668,28014,27,0,0,0,-0.47,9.67,-0.09,-1.95,-1.69,-1.8,566,9.681833504
12092,668,28007,27,0,0,0,-0.49,9.69,-0.08,-0.89,0.4,-1.06,567,9.702710961
12170,668,28011,27,0,0,0,-0.08,9.86,-0.17,-1.42,-1.19,-1.51,568,9.861789898
12248,669,28015,27,0,0,0,-0.21,9.82,-0.22,-0.21,-1.88,-1.49,569,9.824708647
12326,669,28005,27,0,0,0,-0.32,9.79,-0.07,-1.48,-0.77,-1.44,570,9.795478549
12407,668,28002,27,0,0,0,-0.13,9.85,-0.23,-0.93,-1.96,-1.21,571,9.85354251
12486,669,28010,27,0,0,0,-0.01,9.71,-0.39,-0.94,-3.21,-1.52,572,9.717834121
12564,669,28006,27,0,0,0,-0.73,9.87,0.02,-1.68,-4.33,-1.83,573,9.896979337
12642,669,28005,27,0,0,0,-0.56,9.72,-0.05,-0.24,-3.33,-1.3,574,9.73624671
12721,668,28008,27,0,0,0,-0.36,9.73,-0.1,-0.53,-1.6,-1.06,575,9.737171047
12798,668,28009,27,0,0,0,-0.28,9.74,-0.06,-1.14,-1.56,-0.95,576,9.744208536
12964,668,28012,27,0,0,0,-0.35,9.77,-0.02,-0.8,-1.98,-0.9,577,9.776287639
13045,668,28011,27,0,0,0,-0.11,9.81,-0.3,-0.83,-1.13,-1.22,578,9.815202494
13127,668,28008,27,0,0,0,-0.48,9.76,-0.16,-0.85,-0.36,-1.31,579,9.773105955
13205,668,28007,27,0,0,0,-0.38,9.74,-0.25,-0.53,-0.28,-0.95,580,9.750615365
13283,669,28009,27,0,0,0,-0.28,9.85,-0.31,-1.25,-0.77,-1.5,581,9.858853889
13362,669,28013,27,0,0,0,-0.35,9.75,-0.41,-1.76,-0.81,-1.67,582,9.764891192
13440,668,28017,27,0,0,0,-0.16,9.8,-0.27,-1.49,-3.32,-1.87,583,9.805024222
13517,668,28019,27,0,0,0,-0.24,9.74,-0.11,-0.08,-4,-1.2,584,9.743577372
13596,668,28012,27,0,0,0,-0.34,9.81,-0.28,-0.07,-2.5,-0.81,585,9.819882891
13674,669,28010,27,0,0,0,-0.17,9.79,-0.46,-1.05,-1.79,-1.2,586,9.802275246
13753,668,28009,27,0,0,0,-0.51,9.76,-0.2,-1.45,-1.36,-1.77,587,9.775361886
13834,669,28014,27,0,0,0,-0.26,9.79,-0.25,-0.56,-1.65,-1.11,588,9.796642282
14000,668,28011,27,0,0,0,-0.25,9.76,-0.19,-1.96,-0.02,-1.73,589,9.765049923
14081,667,28016,27,0,0,0,-0.2,9.81,-0.3,-0.67,-0.22,-1.35,590,9.816623656
14158,667,28021,27,0,0,0,-0.2,9.81,-0.4,-1.22,-0.51,-1.51,591,9.820188389
14237,667,28022,27,0,0,0,-0.48,9.8,-0.22,-1.08,-0.71,-1.4,592,9.814214181
14315,667,28018,27,0,0,0,-0.27,9.76,-0.26,-0.86,-1.53,-1.24,593,9.767195094
14393,667,28020,27,0,0,0,-0.2,9.8,-0.3,-0.5,-1.34,-1.15,594,9.80663041
14472,667,28025,27,0,0,0,-0.14,9.83,-0.35,-0.85,-1.82,-1.37,595,9.837225219
14553,667,28021,27,0,0,0,-0.29,9.78,-0.1,-0.99,-1.46,-1.18,596,9.784809656
14631,667,28026,27,0,0,0,-0.22,9.79,-0.14,-0.85,-0.9,-1.09,597,9.793472316
14709,667,28022,27,0,0,0,-0.22,9.75,-0.23,-0.81,-0.51,-1.24,598,9.755193489
14787,667,28014,27,0,0,0,-0.19,9.78,-0.38,-0.91,-1.69,-1.99,599,9.789223667
14866,667,28008,27,0,0,0,-0.16,9.74,0.12,-0.64,1.34,-1.18,600,9.742053172
15032,668,28015,27,0,0,0,-0.56,9.87,-0.07,-1.21,-0.1,-1.47,601,9.886121585
15113,668,28011,27,0,0,0,-0.33,9.73,-0.23,-1.38,-1.08,-1.99,602,9.738310942
15191,668,28014,27,0,0,0,-0.57,9.75,-0.15,-0.54,0.21,-1.14,603,9.767799138
15272,668,28009,27,0,0,0,-0.14,9.83,-0.43,-1.15,-0.6,-1.69,604,9.840396333
15350,668,28016,27,0,0,0,-0.27,9.74,-0.25,-0.88,-2.03,-1.46,605,9.74694824
15428,669,28004,27,0,0,0,-0.58,9.78,-0.02,-0.5,-1.83,-0.78,606,9.797203683
15507,669,28013,27,0,0,0,-0.11,9.73,-0.15,0.27,-0.79,-0.53,607,9.731777844
15585,668,28010,27,0,0,0,-0.17,9.79,-0.31,-0.5,-0.58,-1.06,608,9.796381985
15664,668,28023,27,0,0,0,-0.43,9.78,0,-1.47,-1.73,-1.87,609,9.789448401
15741,668,28013,27,0,0,0,-0.25,9.75,0.05,-0.44,-0.11,-0.79,610,9.753332764
15819,668,28020,27,0,0,0,-0.13,9.78,-0.47,-0.96,0.75,-0.89,611,9.792149917
15898,668,28019,27,0,0,0,-0.3,9.77,-0.32,-1.72,0.66,-2.03,612,9.779841512
16067,668,28015,27,0,0,0,-0.49,9.77,-0.08,-1.16,0.42,-1.08,613,9.782607014
16148,667,28018,27,0,0,0,-0.49,9.79,-0.32,-1.18,0.25,-1.58,614,9.80747674
16226,667,28018,27,0,0,0,-0.24,9.74,-0.4,-1.89,-2.09,-2.4,615,9.751164033
16305,668,28014,27,0,0,0,-0.56,9.69,0.11,-1.32,-1.71,-1.4,616,9.706791437
16382,668,28012,27,0,0,0,-0.26,9.81,-0.18,-0.81,-1.89,-1.08,617,9.815095517
16460,668,28007,27,0,0,0,-0.31,9.82,-0.2,-1.27,-1.16,-1.72,618,9.826927292
16539,668,28014,27,0,0,0,-0.14,9.76,0.02,-1.66,-1.11,-1.53,619,9.761024536
16617,668,28009,27,0,0,0,-0.05,9.75,-0.19,-0.99,-3.16,-1.56,620,9.751979286
16708,668,28003,27,0,0,0,0,9.81,-0.36,-0.58,-0.81,-0.98,621,9.816603282
16786,668,28009,27,0,0,0,-0.25,9.74,-0.37,-1.26,-1.24,-1.56,622,9.750230766
16864,669,28009,27,0,0,0,-0.54,9.75,-0.07,-1.31,0.44,-1.34,623,9.76519329
16943,669,28010,27,0,0,0,-0.39,9.74,-0.25,-0.73,2.37,-1.04,624,9.751010204
17108,668,28012,27,0,0,0,-0.49,9.73,-0.04,-1.6,0.32,-1.47,625,9.742412432
17189,668,28012,27,0,0,0,-0.27,9.7,0.08,-0.37,0.34,-0.87,626,9.704086768
17267,668,28016,27,0,0,0,-0.16,9.79,-0.15,0.43,-1.02,-0.61,627,9.79245628
17345,669,28013,27,0,0,0,-0.19,9.84,-0.36,-1.83,-0.9,-1.81,628,9.848416116
17424,667,28022,27,0,0,0,-0.39,9.7,-0.07,-1.69,-0.56,-1.55,629,9.70808941
17505,668,28012,27,0,0,0,0.01,9.77,-0.27,-0.45,0.67,-0.77,630,9.773735212
17584,667,28013,27,0,0,0,0.04,9.8,-0.56,-1.32,0.08,-1.66,631,9.816068459
17661,668,28012,27,0,0,0,-0.17,9.79,-0.25,-2.13,-0.11,-2.38,632,9.794666916
17739,668,28018,27,0,0,0,-0.07,9.79,-0.33,-0.64,-1.44,-1.26,633,9.795810329
17818,668,28011,27,0,0,0,0.23,9.86,-0.37,-0.43,-2.18,-1.26,634,9.869620053
17896,668,28025,27,0,0,0,-0.21,9.8,-0.54,-1.04,-2.14,-1.75,635,9.81711261
17974,668,28018,27,0,0,0,-0.45,9.74,-0.3,-1.76,-1.55,-1.4,636,9.755003844
18141,668,28007,27,0,0,0,-0.19,9.81,-0.51,-0.75,2.22,-1.22,637,9.825085241
18225,668,28008,27,0,0,0,-0.73,9.73,-0.16,-1.79,0.92,-1.69,638,9.758657695
18302,668,28016,27,0,0,0,-0.48,9.67,0.3,-0.88,2.31,-1.02,639,9.686552534
18380,668,28013,27,0,0,0,-0.38,9.75,-0.3,-1.04,0.2,-1.02,640,9.762013112
18459,669,28009,27,0,0,0,-0.43,9.83,-0.15,-1.42,-1.03,-1.4,641,9.840543684
18537,668,28008,27,0,0,0,-0.57,9.69,-0.12,-0.92,-2.11,-1.34,642,9.707491952
18615,668,28014,27,0,0,0,-0.46,9.74,-0.12,-0.26,-0.34,-0.65,643,9.751594741
18694,668,28008,27,0,0,0,-0.12,9.71,-0.27,-0.42,1.28,-1.05,644,9.714494325
18771,668,28013,27,0,0,0,-0.42,9.75,-0.24,-1.4,1.57,-1.91,645,9.761992624
18850,668,28019,27,0,0,0,-0.38,9.77,-0.12,-1.59,2.69,-1.28,646,9.778123542
18931,668,28009,27,0,0,0,-0.22,9.76,-0.1,-0.85,2.56,-1.25,647,9.762991345
19009,668,28016,27,0,0,0,-0.13,9.74,-0.21,-1.08,1.26,-1.26,648,9.743130914
19176,667,28017,27,0,0,0,-0.4,9.69,0,-0.44,-0.4,-1.02,649,9.69825242
19256,668,28020,27,0,0,0,-0.04,9.7,-0.39,-0.32,-1.01,-0.83,650,9.707919448
19335,667,28018,27,0,0,0,-0.12,9.72,-0.31,-1.36,-1.33,-2.1,651,9.725682495
19412,667,28021,27,0,0,0,-0.45,9.78,0.08,-1.34,0.18,-1.34,652,9.790674134
19491,667,28025,27,0,0,0,-0.15,9.76,-0.22,-0.98,0.03,-0.98,653,9.763631497
19569,667,28026,27,0,0,0,-0.11,9.71,-0.15,-1.17,-0.04,-1.83,654,9.711781505
19650,667,28022,27,0,0,0,-0.34,9.66,-0.04,-1.21,0.11,-1.47,655,9.666064349
19729,668,28018,27,0,0,0,-0.29,9.78,-0.1,-0.93,0.5,-1.32,656,9.784809656
19807,668,28020,27,0,0,0,-0.09,9.78,-0.23,-0.99,0.7,-1.21,657,9.783118112
19885,667,28025,27,0,0,0,-0.21,9.77,-0.35,-1.47,0.36,-1.83,658,9.778522383
19963,667,28015,27,0,0,0,-0.23,9.73,-0.11,-0.97,0.24,-1.3,659,9.733339612
20041,668,28017,27,0,0,0,-0.26,9.8,-0.23,-0.93,0.43,-1.13,660,9.806146032
20207,668,28021,27,0,0,0,-0.43,9.73,-0.06,-1.42,0.05,-1.71,661,9.73968172
20288,668,28016,27,0,0,0,-0.52,9.8,-0.23,-0.81,0.6,-1.57,662,9.81648104
20367,668,28021,27,0,0,0,-0.32,9.79,-0.17,-1.25,0.53,-1.02,663,9.796703527
20448,667,28016,27,0,0,0,-0.1,9.81,-0.23,-0.74,0.99,-1.44,664,9.813205389
20526,668,28022,27,0,0,0,-0.3,9.81,-0.04,-1.69,-0.41,-1.41,665,9.814667595
20604,668,28019,27,0,0,0,-0.26,9.7,-0.02,0.15,0.82,-0.44,666,9.703504522
20682,668,28015,27,0,0,0,-0.02,9.79,-0.45,-0.4,0.92,-0.86,667,9.800357136
20760,667,28015,27,0,0,0,-0.42,9.78,-0.13,-1.67,-0.11,-1.92,668,9.789877425
20839,668,28017,27,0,0,0,-0.36,9.75,-0.04,-0.95,0.09,-1.07,669,9.756725885
20917,667,28020,27,0,0,0,0.19,9.65,-0.49,-1.14,-0.18,-1.06,670,9.664300285
20995,668,28018,27,0,0,0,0.26,9.76,-0.39,-1.37,1.13,-1.46,671,9.771248641
21076,668,28012,27,0,0,0,-0.36,9.81,-0.12,-1.34,1.36,-1.29,672,9.817336706
21242,667,28022,27,0,0,0,-0.27,9.76,-0.05,-1.37,1.95,-1.48,673,9.763861941
21323,667,28023,27,0,0,0,-0.28,9.8,-0.17,-1.27,1.21,-1.43,674,9.805472962
21401,667,28034,27,0,0,0,-0.23,9.75,-0.02,-1.53,1.92,-1.27,675,9.75273295
21480,667,28020,27,0,0,0,0.04,9.81,-0.11,-0.92,1.47,-1.13,676,9.810698242
21558,667,28020,27,0,0,0,-0.11,9.75,-0.29,-1.43,1.65,-1.39,677,9.754932086
21636,667,28027,27,0,0,0,-0.25,9.78,0.06,-1.45,1.44,-1.29,678,9.783378762
21714,667,28022,27,0,0,0,-0.24,9.75,-0.18,-1.08,1.5,-1.05,679,9.754614293
21792,667,28026,27,0,0,0,-0.12,9.75,-0.16,-1.38,0.66,-1.51,680,9.752051066
21873,667,28023,27,0,0,0,-0.17,9.75,-0.04,-1.17,-0.09,-1.63,681,9.751563977
21952,666,28027,27,0,0,0,-0.2,9.75,-0.09,-1.17,0.05,-1.21,682,9.752466355
22030,667,28023,27,0,0,0,-0.11,9.76,-0.02,-1.18,0.45,-1.03,683,9.760640348
22109,667,28022,27,0,0,0,-0.09,9.77,-0.1,-1.24,-0.53,-1.74,684,9.770926261
22275,668,28021,27,0,0,0,-0.49,9.76,-0.29,-0.94,-1.32,-1.3,685,9.776594499
22355,667,28023,27,0,0,0,-0.28,9.74,-0.33,-0.37,-2.23,-1.34,686,9.749610249
22433,667,28019,27,0,0,0,-0.38,9.77,-0.25,-0.98,-3.23,-1.73,687,9.780582805
22512,668,28023,27,0,0,0,-0.47,9.71,-0.06,-0.86,-3.7,-1.6,688,9.721553374
22602,668,28018,27,0,0,0,-0.34,9.77,-0.58,-0.45,-2.02,-1.42,689,9.793104717
22680,668,28018,27,0,0,0,-0.1,9.83,-0.32,-0.53,-3.15,-1.5,690,9.835715531
22759,667,28018,27,0,0,0,-0.59,9.84,-0.26,-0.92,-2.7,-1.9,691,9.861100344
22837,668,28017,27,0,0,0,-0.65,9.75,-0.29,-1.01,-2.81,-1.49,692,9.775944967
22915,667,28022,27,0,0,0,-0.4,9.83,-0.38,-0.85,-3.15,-1.76,693,9.84547104
22993,667,28020,27,0,0,0,-0.48,9.73,-0.25,-0.57,-1.57,-1.69,694,9.745039764
23071,668,28017,27,0,0,0,-0.61,9.75,-0.25,-1.06,-2.91,-1.66,695,9.772261765
23150,668,28017,27,0,0,0,-0.32,9.78,0.01,-0.19,-1.41,-1.15,696,9.785238883
23316,667,28026,27,0,0,0,-0.4,9.75,-0.1,-1.36,-1.51,-1.37,697,9.758714055
23400,667,28019,27,0,0,0,-0.46,9.78,-0.15,-0.79,-1.6,-1.05,698,9.791960988
23478,668,28015,27,0,0,0,-0.24,9.77,-0.34,-0.57,-1.82,-1.05,699,9.778859852
23556,667,28018,27,0,0,0,-0.23,9.75,-0.44,-1.05,-2.3,-1.4,700,9.762632842
23634,668,28023,27,0,0,0,-0.49,9.76,-0.2,-0.9,-2.37,-1.75,701,9.774338852
23712,668,28022,27,0,0,0,-0.23,9.77,-0.38,-0.41,-0.93,-0.59,702,9.780092024
23791,667,28025,27,0,0,0,-0.17,9.72,-0.2,-1.13,-0.84,-1.79,703,9.723543593
23869,667,28024,27,0,0,0,-0.54,9.76,-0.41,-1.4,-1.02,-1.53,704,9.783521861
23947,667,28021,27,0,0,0,-0.51,9.77,-0.26,-1.35,-1.88,-1.38,705,9.786756357
24029,667,28022,27,0,0,0,-0.2,9.76,-0.23,-0.57,-1.13,-1.22,706,9.764758062
24107,667,28026,27,0,0,0,-0.28,9.82,-0.42,-1.14,-1.51,-1.53,707,9.832964965
24184,666,28030,27,0,0,0,-0.26,9.76,-0.29,-0.92,-1.37,-1.27,708,9.767768425
24351,667,28022,27,0,0,0,-0.22,9.81,-0.3,-0.72,-0.47,-1.03,709,9.817051492
24432,667,28029,27,0,0,0,-0.24,9.74,-0.29,-0.9,0.09,-1.58,710,9.747271413
24510,667,28024,27,0,0,0,-0.44,9.77,-0.23,-1.08,0.27,-1.21,711,9.782607014
24588,667,28027,27,0,0,0,-0.2,9.74,-0.1,-0.85,0.06,-1.23,712,9.742566397
24667,667,28022,27,0,0,0,-0.3,9.79,-0.25,-0.85,0.34,-1.4,713,9.797785464
24744,667,28020,27,0,0,0,-0.32,9.78,-0.19,-1.4,0.56,-1.34,714,9.787078216
24825,667,28019,27,0,0,0,-0.16,9.8,-0.06,-1.04,-0.71,-1.4,715,9.801489683
24904,667,28012,27,0,0,0,-0.21,9.73,-0.21,-0.51,2.02,-0.87,716,9.734531319
24982,667,28019,27,0,0,0,-0.19,9.74,-0.23,-0.95,-2,-1.44,717,9.744567717
25060,667,28016,27,0,0,0,-0.25,9.82,0.28,-1.26,-2.06,-1.8,718,9.827171516
25139,668,28018,27,0,0,0,-0.26,9.81,-0.36,-0.74,-0.45,-0.92,719,9.820045825
25217,667,28019,27,0,0,0,-0.25,9.77,-0.38,-1.24,-3.28,-1.43,720,9.780582805
25383,667,28022,27,0,0,0,-0.77,9.73,-0.3,-1.57,1.51,-1.48,721,9.765029442
25463,667,28020,27,0,0,0,-0.3,9.79,-0.32,-1.37,1.82,-1.15,722,9.799821427
25545,667,28021,27,0,0,0,-0.37,9.72,-0.4,-1.56,1.32,-1.44,723,9.735260654
25623,668,28022,27,0,0,0,-0.38,9.73,-0.13,-1.73,1.15,-1.56,724,9.73828527
25701,668,28022,27,0,0,0,-0.24,9.73,-0.16,-0.95,0.69,-1.35,725,9.734274498
25780,667,28022,27,0,0,0,-0.22,9.76,-0.45,-1.09,0.23,-1.36,726,9.772845031
25858,668,28021,27,0,0,0,-0.02,9.82,-0.4,-1.37,0.32,-1.19,727,9.828163613
25936,668,28014,27,0,0,0,-0.24,9.78,-0.08,-0.82,0.95,-1.2,728,9.783271436
26014,668,28014,27,0,0,0,-0.17,9.71,-0.34,-1.29,0.53,-1.33,729,9.717437934
26092,668,28012,27,0,0,0,-0.23,9.8,-0.13,-1.05,0.31,-1.22,730,9.803560578
26171,668,28012,27,0,0,0,-0.25,9.73,-0.22,-1.44,-0.34,-1.73,731,9.735697202
26252,668,28019,27,0,0,0,-0.38,9.79,-0.13,-1.49,0.07,-1.2,732,9.798234535
26418,667,28009,27,0,0,0,-0.35,9.76,-0.16,-2,3.24,-1.52,733,9.767584143
26499,667,28021,27,0,0,0,-0.25,9.8,-0.08,-1.66,0.3,-1.07,734,9.803514676
26576,668,28012,27,0,0,0,-0.01,9.74,-0.29,-0.44,0.71,-0.93,735,9.744321423
26655,669,28018,27,0,0,0,-0.26,9.79,-0.06,-1.66,0.94,-1.44,736,9.793635689
26733,668,28014,27,0,0,0,-0.11,9.78,0.08,-1.34,1.87,-0.82,737,9.780945762
26812,667,28020,27,0,0,0,-0.24,9.77,-0.06,-0.27,1.88,-0.87,738,9.773131535
26890,667,28012,27,0,0,0,-0.08,9.86,-0.37,-0.88,1.6,-0.77,739,9.867264058
26971,668,28016,27,0,0,0,-0.06,9.85,-0.23,-1.37,-0.21,-1.82,740,9.852867603
27049,668,28012,27,0,0,0,-0.34,9.8,-0.18,-0.98,0.52,-0.94,741,9.807548114
27127,667,28018,27,0,0,0,-0.18,9.71,-0.17,-1.05,2.24,-0.94,742,9.713156027
27205,668,28020,27,0,0,0,-0.01,9.79,-0.44,-1.32,1.55,-1.38,743,9.799887754
27284,668,28018,27,0,0,0,-0.31,9.7,-0.22,-1.31,1.43,-0.98,744,9.707445596
27450,668,28014,27,0,0,0,-0.18,9.81,-0.17,-0.59,1.35,-1.17,745,9.813123866
27531,667,28020,27,0,0,0,-0.23,9.77,0.04,-1.15,-0.31,-1.4,746,9.772788752
27609,667,28019,27,0,0,0,-0.28,9.79,-0.01,-0.9,-0.15,-1.14,747,9.794008372
27687,667,28020,27,0,0,0,-0.26,9.78,-0.26,-0.66,0.5,-1.08,748,9.786909625
27768,667,28014,27,0,0,0,-0.24,9.79,-0.14,-1.18,-0.29,-1.4,749,9.793942005
27846,668,28011,27,0,0,0,-0.17,9.8,-0.18,-0.97,0.64,-1.44,750,9.803127052
27925,668,28021,27,0,0,0,-0.18,9.77,-0.3,-0.9,1.09,-1.1,751,9.776262067
28003,668,28019,27,0,0,0,-0.34,9.75,-0.18,-1.11,1.13,-1.44,752,9.757586792
28081,668,28019,27,0,0,0,-0.24,9.77,-0.27,-0.82,1.66,-1.41,753,9.776676327
28160,667,28013,27,0,0,0,-0.22,9.82,-0.06,-1.1,1.82,-1.27,754,9.822647301
28237,668,28013,27,0,0,0,-0.03,9.73,0.08,-1.01,1.63,-0.94,755,9.730375121
28316,668,28017,27,0,0,0,-0.06,9.79,-0.12,-1.2,1.02,-1.42,756,9.790919262
28494,668,28017,27,0,0,0,-0.17,9.8,-0.24,-0.93,-0.08,-1.48,757,9.804412272
28575,668,28018,27,0,0,0,-0.15,9.78,-0.41,-0.98,0.21,-1.51,758,9.789739527
28653,668,28013,27,0,0,0,-0.05,9.73,-0.36,-0.69,1.58,-1.31,759,9.736785917
28731,667,28023,27,0,0,0,-0.23,9.74,-0.11,-1.27,-0.92,-1.84,760,9.743336184
28810,668,28016,27,0,0,0,-0.16,9.7,-0.46,-0.85,-0.56,-1.4,761,9.712219108
28888,668,28017,27,0,0,0,-0.22,9.77,-0.29,-0.89,-1,-1.6,762,9.776778611
28965,668,28023,27,0,0,0,-0.26,9.76,-0.33,-1.01,-1.79,-1.76,763,9.769037824
29044,667,28017,27,0,0,0,-0.43,9.67,-0.11,-1.05,-0.55,-1.34,764,9.680180783
29122,668,28014,27,0,0,0,-0.34,9.78,-0.12,-0.75,-1.34,-1.44,765,9.78664396
29204,667,28020,27,0,0,0,-0.35,9.78,-0.18,-0.78,-0.53,-1.62,766,9.787916019
29282,667,28020,27,0,0,0,-0.35,9.84,0.11,-1.53,-1.18,-1.45,767,9.846837056
29360,668,28017,27,0,0,0,-0.26,9.77,0.02,-0.92,0.26,-1.14,768,9.773479421
29527,667,28021,27,0,0,0,-0.3,9.79,-0.12,-0.99,0.24,-1.27,769,9.79533052
29606,667,28018,27,0,0,0,-0.3,9.7,-0.09,-1.12,-0.19,-1.56,770,9.705055384
29685,668,28009,27,0,0,0,-0.27,9.81,-0.34,-0.89,0.56,-1.38,771,9.819602843
29763,668,28014,27,0,0,0,-0.25,9.77,-0.21,-1.37,0.4,-1.4,772,9.775453954
29842,668,28013,27,0,0,0,-0.27,9.72,-0.33,-0.98,-0.37,-1.21,773,9.729347357
29923,668,28017,27,0,0,0,-0.29,9.77,-0.11,-1.29,-0.38,-1.33,774,9.774921995
30001,668,28011,27,0,0,0,-0.53,9.83,-0.01,-1.18,-1.27,-1.41,775,9.844282605
30080,668,28022,27,0,0,0,-0.16,9.72,-0.36,-1.19,-1.98,-1.3,776,9.727980263
30157,668,28021,27,0,0,0,-0.2,9.79,-0.24,-1.18,-1.63,-1.19,777,9.79498341
30235,668,28023,27,0,0,0,-0.23,9.77,-0.22,-1.12,-1.62,-1.41,778,9.775182863
30314,667,28020,27,0,0,0,-0.49,9.71,-0.2,-0.88,-1.8,-1.15,779,9.724412579
30392,667,28018,27,0,0,0,-0.34,9.79,-0.13,-0.99,-2.56,-1.3,780,9.796764772
103,30367,234,0,0,0,0,111.82,-1.37,-106.63,-182.08,192.02,-250.14,781,154.5171389
184,30367,234,0,0,0,0,5.1,7.34,-22.12,33.41,-250.14,-242.25,782,23.85749358
260,30367,234,0,0,0,0,-4.54,0.03,-14.94,16.11,-250.14,-195.09,783,15.61461175
335,30367,234,0,0,0,0,-11.69,0.71,-9.4,33.73,-250.14,-167.2,784,15.01732999
410,30367,234,0,0,0,0,-11.95,1.57,-0.16,-7.02,-250.14,-134.83,785,12.0537546
486,30367,234,0,0,0,0,-3.32,-1.7,2.4,-34.44,-250.14,-124.95,786,4.435357934
561,30367,234,0,0,0,0,-4.15,1.1,5.36,-78.63,-250.14,-106.68,787,6.867466782
636,30367,234,0,0,0,0,6.63,-0.83,-6.28,-3.28,-250.14,-121.78,788,9.169743726
712,30367,234,0,0,0,0,12.13,-2.18,-5.24,-2.4,-250.14,-85.09,789,13.39204615
787,30367,234,0,0,0,0,11.84,2.97,-12.98,-9.87,-250.14,-79.5,790,17.81816208
866,30367,234,0,0,0,0,7.55,0.67,-10.74,-3.22,-234.53,-61.37,791,13.14530334
942,30367,234,0,0,0,0,3.61,3.7,-11.77,1.53,-213.18,-45.54,792,12.85515461
1016,30367,234,0,0,0,0,-0.28,3.1,-9.69,0.02,-159.29,-38.87,793,10.17764708
1177,30367,234,0,0,0,0,-3.31,2.58,-8.87,-3.83,6.18,5.66,794,9.81271624
1255,30367,234,0,0,0,0,-0.65,2.99,-10.25,-0.16,71.95,17.27,795,10.69696686
1331,30367,234,0,0,0,0,1.01,3.15,-9.71,-0.38,97.23,27.07,796,10.25800663
1406,30367,234,0,0,0,0,2.34,3.24,-9.28,-0.25,70.59,20.43,797,10.1040388
1481,30367,234,0,0,0,0,2.84,2.75,-9.21,-0.5,61.61,19.05,798,10.0225845
1560,30367,234,0,0,0,0,3.54,2.54,-9.08,0.05,64.62,20.4,799,10.07122634
1636,30367,234,0,0,0,0,-2.85,1.11,-5.66,0.23,-2.8,-8.82,800,6.433521586
1712,30367,234,0,0,0,0,4.75,2.44,-7.96,-0.04,24.24,7.9,801,9.585285598
1786,30367,234,0,0,0,0,5.14,2.54,-7.98,-0.12,4.58,1.31,802,9.826067372
1862,30367,234,0,0,0,0,4.94,2.59,-8.03,-0.58,-14.04,-3.69,803,9.777146823
1938,30367,234,0,0,0,0,4.74,2.59,-8.4,-0.69,-21.46,-7.17,804,9.986776257
2013,30367,234,0,0,0,0,4.55,2.66,-8.56,-0.31,-12.34,-4.27,805,10.05244746
2088,30367,234,0,0,0,0,4.51,2.67,-8.64,-0.41,-1.27,-0.73,806,10.10537481
2249,30367,234,0,0,0,0,4.66,2.59,-8.29,-0.36,0.57,-0.25,807,9.856358354
2330,30367,234,0,0,0,0,4.55,2.54,-8.61,-0.34,-2.61,-1.15,808,10.06410453
2406,30367,234,0,0,0,0,4.5,2.62,-8.42,-0.27,0.28,-0.26,809,9.900040404
2481,30367,234,0,0,0,0,4.63,2.62,-8.45,-0.38,-1.5,-0.73,810,9.985179017
2556,30367,234,0,0,0,0,4.64,2.63,-8.44,-0.45,-0.37,-0.53,811,9.983992187
2632,30367,234,0,0,0,0,4.58,2.58,-8.48,-0.34,-1.19,-0.77,812,9.977133857
2707,30367,234,0,0,0,0,4.55,2.62,-8.44,-0.49,-0.36,-0.44,813,9.939844063
2783,30367,234,0,0,0,0,4.56,2.59,-8.4,-0.31,-1.12,-0.83,814,9.902610767
2859,30367,234,0,0,0,0,4.56,2.67,-8.48,-0.36,-0.55,-0.72,815,9.991641507
2933,30367,234,0,0,0,0,4.59,2.61,-8.43,-0.46,-0.92,-0.52,816,9.94711516
3012,30367,234,0,0,0,0,4.53,2.65,-8.37,-0.22,-0.79,-0.67,817,9.879286411
3088,30367,234,0,0,0,0,4.58,2.61,-8.52,-0.31,-0.79,-0.71,818,10.01892709
3163,30367,234,0,0,0,0,4.58,2.54,-8.49,-0.41,-0.65,-0.95,819,9.97537468
3323,30367,234,0,0,0,0,4.59,2.64,-8.51,-0.4,-0.88,-0.85,820,10.02286386
3401,30367,234,0,0,0,0,4.52,2.6,-8.53,-0.35,-0.67,-0.64,821,9.997564703
3477,30367,234,0,0,0,0,4.57,2.62,-8.48,-0.37,-0.9,-0.78,822,9.9829705
3553,30367,234,0,0,0,0,4.62,2.6,-8.5,-0.36,-0.65,-0.69,823,10.01770433
3628,30367,234,0,0,0,0,4.59,2.62,-8.46,-0.31,-0.97,-0.85,824,9.975174184
3703,30367,234,0,0,0,0,4.61,2.63,-8.33,-0.46,-0.69,-0.76,825,9.877140274
3791,30367,234,0,0,0,0,4.61,2.65,-8.45,-0.37,-0.98,-0.74,826,9.983841946
3866,30367,234,0,0,0,0,4.59,2.63,-8.49,-0.33,-0.75,-0.79,827,10.00325447
3942,30367,234,0,0,0,0,4.58,2.62,-8.45,-0.45,-0.81,-0.71,828,9.962093154
4018,30367,234,0,0,0,0,4.64,2.59,-8.4,-0.27,-0.87,-0.8,829,9.939703215
4092,30367,234,0,0,0,0,4.59,2.62,-8.49,-0.44,-0.76,-0.66,830,10.00062998
4168,30367,234,0,0,0,0,4.61,2.62,-8.4,-0.29,-0.85,-0.66,831,9.933604582
4244,30367,234,0,0,0,0,4.56,2.64,-8.46,-0.48,-0.54,-0.6,832,9.966684504
4405,30367,234,0,0,0,0,4.61,2.64,-8.41,-0.34,-0.84,-0.7,833,9.947351406
4483,30367,234,0,0,0,0,4.59,2.63,-8.45,-0.3,-1.18,-0.79,834,9.969327961
4560,30367,234,0,0,0,0,4.54,2.57,-8.46,-0.3,-0.79,-0.68,835,9.939220291
4636,30367,234,0,0,0,0,4.52,2.61,-8.45,-0.25,-0.79,-0.88,836,9.932018929
4712,30367,234,0,0,0,0,4.6,2.63,-8.37,-0.36,-0.99,-0.98,837,9.906250552
4787,30367,234,0,0,0,0,4.61,2.61,-8.5,-0.24,-0.93,-0.74,838,10.01569768
4862,30367,234,0,0,0,0,4.54,2.6,-8.47,-0.37,-0.74,-0.7,839,9.955526104
4938,30367,234,0,0,0,0,4.58,2.63,-8.47,-0.44,-0.76,-0.69,840,9.981693243
5013,30367,234,0,0,0,0,4.59,2.61,-8.37,-0.39,-0.77,-0.7,841,9.896317497
5089,30367,234,0,0,0,0,4.61,2.56,-8.49,-0.34,-1.01,-0.84,842,9.994288369
5168,30367,234,0,0,0,0,4.64,2.62,-8.41,-0.31,-0.86,-0.81,843,9.956008236
5242,30367,234,0,0,0,0,4.59,2.63,-8.43,-0.5,-0.97,-0.92,844,9.952381625
5318,30367,234,0,0,0,0,4.57,2.62,-8.47,-0.53,-1.17,-0.79,845,9.97447743
5479,30367,234,0,0,0,0,4.57,2.65,-8.56,-0.5,-0.61,-0.76,846,10.05887668
5557,30367,234,0,0,0,0,4.62,2.62,-8.53,-0.37,-0.71,-1.02,847,10.04836803
5633,30367,234,0,0,0,0,4.61,2.65,-8.43,-0.39,-1.24,-0.61,848,9.966920287
5707,30367,234,0,0,0,0,4.63,2.6,-8.46,-0.44,-0.11,-0.44,849,9.988418293
5783,30367,234,0,0,0,0,4.63,2.67,-8.49,-0.42,-1.26,-0.95,850,10.03224302
5859,30367,234,0,0,0,0,4.63,2.63,-8.47,-0.51,-0.42,-0.74,851,10.00473388
5937,30367,234,0,0,0,0,4.62,2.62,-8.55,-0.56,-1.17,-0.64,852,10.06535146
6012,30367,234,0,0,0,0,4.61,2.61,-8.47,-0.4,-0.47,-0.64,853,9.990250247
6088,30367,234,0,0,0,0,4.59,2.62,-8.5,-0.47,-0.87,-0.79,854,10.00912084
6163,30367,234,0,0,0,0,4.62,2.61,-8.34,-0.41,-0.79,-0.69,855,9.884943095
6239,30367,234,0,0,0,0,4.62,2.63,-8.43,-0.27,-0.77,-0.79,856,9.966253057
6315,30367,234,0,0,0,0,4.64,2.66,-8.45,-0.34,-1.18,-0.76,857,10.00038499
6389,30367,234,0,0,0,0,4.6,2.64,-8.36,-0.51,-0.86,-0.82,858,9.900464636
6550,30367,234,0,0,0,0,4.57,2.65,-8.42,-0.75,-1.15,-0.85,859,9.94001006
6628,30367,234,0,0,0,0,4.65,2.62,-8.45,-0.49,-1.21,-0.73,860,9.99446847
6707,30367,234,0,0,0,0,4.55,2.6,-8.51,-0.4,-1.26,-0.84,861,9.994128276
6782,30367,234,0,0,0,0,4.6,2.54,-8.49,-0.24,-0.82,-0.73,862,9.984573101
6858,30367,234,0,0,0,0,4.56,2.61,-8.44,-0.3,-1.82,-1.21,863,9.941795612
6933,30367,234,0,0,0,0,4.62,2.67,-8.44,-0.47,-1.05,-0.81,864,9.985334246
7009,30367,234,0,0,0,0,4.55,2.6,-8.57,-0.39,0.34,-0.29,865,10.04526754
7085,30367,234,0,0,0,0,4.58,2.62,-8.47,-0.42,-1.15,-0.91,866,9.979063082
7159,30367,234,0,0,0,0,4.61,2.6,-8.42,-0.27,-0.92,-0.79,867,9.94527526
7235,30367,234,0,0,0,0,4.49,2.63,-8.54,-0.38,-0.66,-0.84,868,10.00042999
7310,30367,234,0,0,0,0,4.64,2.62,-8.47,-0.42,-0.37,-0.74,869,10.00674273
7389,30367,234,0,0,0,0,4.6,2.58,-8.49,-0.39,-1.47,-1,870,9.99482366
7464,30367,234,0,0,0,0,4.52,2.62,-8.47,-0.38,-0.7,-0.6,871,9.951668202
7625,30367,234,0,0,0,0,4.61,2.59,-8.57,-0.47,-0.47,-0.79,872,10.07000993
7703,30367,234,0,0,0,0,4.56,2.57,-8.5,-0.4,-1.4,-1.02,873,9.982409529
7779,30367,234,0,0,0,0,4.57,2.61,-8.49,-0.4,-0.23,-0.63,874,9.988848783
7854,30367,234,0,0,0,0,4.61,2.69,-8.47,-0.51,-2.05,-1.28,875,10.01144845
7929,30367,234,0,0,0,0,4.59,2.61,-8.43,-0.47,-0.27,-0.61,876,9.94711516
8005,30367,234,0,0,0,0,4.6,2.61,-8.51,-0.47,-1.35,-1.02,877,10.01959081
8080,30367,234,0,0,0,0,4.57,2.65,-8.46,-0.46,-0.69,-0.63,878,9.973915981
8159,30367,234,0,0,0,0,4.65,2.66,-8.49,-0.6,-1.26,-0.98,879,10.03883459
8235,30367,234,0,0,0,0,4.62,2.61,-8.38,-0.52,-1.29,-0.72,880,9.918714634
8309,30367,234,0,0,0,0,4.61,2.6,-8.51,-0.44,-0.69,-0.8,881,10.0215867
8385,30367,234,0,0,0,0,4.6,2.64,-8.57,-0.5,-1.55,-0.91,882,10.07841753
8461,30367,234,0,0,0,0,4.57,2.64,-8.33,-0.56,-0.18,-0.68,883,9.861206823
8536,30367,234,0,0,0,0,4.55,2.65,-8.48,-0.39,-1.22,-0.85,884,9.981753353
8696,30367,234,0,0,0,0,4.57,2.64,-8.48,-0.46,-1.08,-0.83,885,9.988238083
8774,30367,234,0,0,0,0,4.57,2.66,-8.4,-0.26,-0.64,-0.77,886,9.925749342
8850,30367,234,0,0,0,0,4.59,2.61,-8.48,-0.53,-1.06,-0.82,887,9.989524513
8929,30367,234,0,0,0,0,4.59,2.59,-8.57,-0.36,-0.42,-0.71,888,10.06086974
9004,30367,234,0,0,0,0,4.6,2.62,-8.46,-0.38,-1.58,-1.08,889,9.979779557
9079,30367,234,0,0,0,0,4.61,2.6,-8.51,-0.4,-0.51,-0.68,890,10.0215867
9155,30367,234,0,0,0,0,4.56,2.62,-8.52,-0.49,-1.15,-0.89,891,10.0124123
9230,30367,234,0,0,0,0,4.58,2.64,-8.53,-0.5,-0.28,-0.56,892,10.03528276
9306,30367,234,0,0,0,0,4.6,2.63,-8.5,-0.31,-0.4,-0.69,893,10.01633166
9381,30367,234,0,0,0,0,4.59,2.64,-8.39,-0.55,-0.92,-1.03,894,9.921179365
9456,30367,234,0,0,0,0,4.63,2.59,-8.53,-0.44,-0.83,-0.76,895,10.04519288
9544,30367,234,0,0,0,0,4.63,2.62,-8.48,-0.46,-0.98,-0.88,896,10.0105794
9620,30367,234,0,0,0,0,4.59,2.67,-8.41,-0.54,-0.56,-0.77,897,9.946109792
9781,30367,234,0,0,0,0,4.63,2.64,-8.52,-0.52,-1.07,-0.82,898,10.04972139
9859,30367,234,0,0,0,0,4.58,2.62,-8.5,-0.37,-1.15,-0.86,899,10.00453897
9933,30367,234,0,0,0,0,4.62,2.63,-8.61,-0.4,-0.79,-0.89,900,10.1189624
10009,30367,234,0,0,0,0,4.59,2.63,-8.55,-0.37,-0.83,-0.94,901,10.05422797
10085,30367,234,0,0,0,0,4.66,2.55,-8.45,-0.44,-1.21,-0.82,902,9.981011973
10160,30367,234,0,0,0,0,4.6,2.63,-8.49,-0.43,-0.6,-0.68,903,10.00784692
10235,30367,234,0,0,0,0,4.57,2.64,-8.49,-0.37,-1.24,-0.79,904,9.996729465
10314,30367,234,0,0,0,0,4.56,2.59,-8.4,-0.51,-1.17,-0.76,905,9.902610767
10389,30367,234,0,0,0,0,4.64,2.63,-8.45,-0.47,-1.24,-0.91,906,9.992447148
10465,30367,234,0,0,0,0,4.57,2.6,-8.46,-0.49,-0.47,-0.71,907,9.960747964
10541,30367,234,0,0,0,0,4.57,2.62,-8.46,-0.34,-0.89,-0.78,908,9.965987156
10616,30367,234,0,0,0,0,4.63,2.6,-8.42,-0.41,-0.63,-0.82,909,9.954561768
10691,30367,234,0,0,0,0,4.59,2.63,-8.49,-0.31,-1.05,-0.73,910,10.00325447
10852,30367,234,0,0,0,0,4.62,2.63,-8.44,-0.33,-0.27,-0.82,911,9.974713028
10930,30367,234,0,0,0,0,4.65,2.62,-8.52,-0.44,-1.11,-0.82,912,10.0537207
11005,30367,234,0,0,0,0,4.57,2.61,-8.43,-0.56,-0.94,-0.75,913,9.937902193
11084,30367,234,0,0,0,0,4.65,2.64,-8.44,-0.31,-0.9,-0.85,914,9.991281199
11159,30367,234,0,0,0,0,4.6,2.63,-8.43,-0.42,-0.79,-0.69,915,9.956997539
11235,30367,234,0,0,0,0,4.58,2.59,-8.45,-0.49,-0.8,-0.75,916,9.954245325
11311,30367,234,0,0,0,0,4.59,2.64,-8.42,-0.24,-0.95,-0.88,917,9.94656222
11385,30367,234,0,0,0,0,4.56,2.58,-8.41,-0.31,-1,-0.79,918,9.908486262
11461,30367,234,0,0,0,0,4.56,2.61,-8.46,-0.37,-0.56,-0.63,919,9.958780046
11537,30367,234,0,0,0,0,4.6,2.6,-8.41,-0.4,-0.98,-0.81,920,9.932174988
11613,30367,234,0,0,0,0,4.6,2.66,-8.43,-0.5,-1.2,-0.92,921,9.964963623
11691,30367,234,0,0,0,0,4.66,2.59,-8.5,-0.34,-0.85,-0.73,922,10.03362846
11766,30367,234,0,0,0,0,4.63,2.58,-8.39,-0.29,-0.64,-0.74,923,9.923981056
11927,30367,234,0,0,0,0,4.61,2.63,-8.48,-0.42,-1.11,-0.89,924,10.00396921
12005,30367,234,0,0,0,0,4.6,2.6,-8.43,-0.59,-0.64,-0.98,925,9.949115539
12081,30367,234,0,0,0,0,4.59,2.61,-8.44,-0.5,-0.93,-0.69,926,9.955591394
12156,30367,234,0,0,0,0,4.59,2.66,-8.47,-0.47,-0.85,-0.85,927,9.994228334
12231,30367,234,0,0,0,0,4.61,2.61,-8.54,-0.52,-0.9,-0.93,928,10.04966666
12307,30367,234,0,0,0,0,4.64,2.62,-8.44,-0.64,-0.94,-0.79,929,9.981362632
12383,30367,234,0,0,0,0,4.56,2.63,-8.42,-0.51,-0.62,-0.72,930,9.930100704
12461,30367,234,0,0,0,0,4.6,2.62,-8.41,-0.44,-1.4,-0.79,931,9.937429245
12536,30367,234,0,0,0,0,4.56,2.66,-8.45,-0.4,-0.54,-0.63,932,9.963518455
12612,30367,234,0,0,0,0,4.59,2.64,-8.4,-0.41,-1.02,-0.83,933,9.929637456
12687,30367,234,0,0,0,0,4.56,2.62,-8.45,-0.27,-0.57,-0.64,934,9.952914146
12763,30367,234,0,0,0,0,4.63,2.59,-8.52,-0.53,-1.08,-1.02,935,10.03670265
12838,30367,234,0,0,0,0,4.63,2.55,-8.38,-0.33,-0.82,-0.77,936,9.907764632
12999,30367,234,0,0,0,0,4.67,2.56,-8.44,-0.56,-0.53,-0.76,937,9.979784567
13077,30367,234,0,0,0,0,4.63,2.6,-8.44,-0.47,-0.75,-0.72,938,9.971484343
13153,30367,234,0,0,0,0,4.67,2.62,-8.39,-0.6,-1.08,-0.8,939,9.953160302
13231,30367,234,0,0,0,0,4.63,2.62,-8.52,-0.48,-1.02,-0.84,940,10.04448605
13306,30367,234,0,0,0,0,4.61,2.61,-8.49,-0.45,-0.97,-0.69,941,10.0072124
13382,30367,234,0,0,0,0,4.66,2.63,-8.44,-0.46,-1.19,-0.94,942,9.993302757
13457,30367,234,0,0,0,0,4.57,2.63,-8.46,-0.38,-0.68,-0.73,943,9.968620767
13533,30367,234,0,0,0,0,4.59,2.61,-8.43,-0.31,-1.12,-0.86,944,9.94711516
13608,30367,234,0,0,0,0,4.62,2.64,-8.52,-0.29,-1.21,-0.92,945,10.04511822
13683,30367,234,0,0,0,0,4.61,2.61,-8.54,-0.56,-0.9,-0.89,946,10.04966666
13759,30367,234,0,0,0,0,4.55,2.62,-8.38,-0.56,-0.77,-0.73,947,9.888948377
13835,30367,234,0,0,0,0,4.58,2.6,-8.48,-0.36,-1.01,-0.75,948,9.982324379
13914,30367,234,0,0,0,0,4.65,2.63,-8.41,-0.53,-0.85,-0.83,949,9.963307684
14074,30367,234,0,0,0,0,4.58,2.62,-8.52,-0.5,-1.28,-0.95,950,10.02153681
14152,30367,234,0,0,0,0,4.57,2.6,-8.5,-0.26,-0.42,-0.57,951,9.994743619
14227,30367,234,0,0,0,0,4.6,2.6,-8.4,-0.41,-1.4,-0.82,952,9.923708984
14303,30367,234,0,0,0,0,4.6,2.62,-8.55,-0.58,-0.28,-0.62,953,10.05618715
14379,30367,234,0,0,0,0,4.54,2.63,-8.47,-0.34,-1.62,-1.31,954,9.963403033
14453,30367,234,0,0,0,0,4.62,2.63,-8.47,-0.42,-1.58,-0.79,955,10.00011
14529,30367,234,0,0,0,0,4.56,2.65,-8.44,-0.56,-1.1,-0.81,956,9.952371577
14608,30367,234,0,0,0,0,4.61,2.6,-8.44,-0.29,-0.04,-0.62,957,9.962213609
14684,30367,234,0,0,0,0,4.62,2.66,-8.52,-0.5,-1.74,-0.94,958,10.05039303
14758,30367,234,0,0,0,0,4.62,2.65,-8.44,-0.37,-0.01,-0.63,959,9.98000501
14834,30367,234,0,0,0,0,4.59,2.59,-8.43,-0.42,-0.98,-0.85,960,9.941886139
14910,30367,234,0,0,0,0,4.62,2.62,-8.49,-0.3,-0.21,-0.44,961,10.01443458
14985,30367,234,0,0,0,0,4.65,2.63,-8.4,-0.52,-1.15,-0.91,962,9.954868156
15145,30367,234,0,0,0,0,4.62,2.67,-8.41,-0.34,-0.91,-0.75,963,9.95998996
15224,30367,234,0,0,0,0,4.57,2.63,-8.43,-0.44,-0.79,-0.76,964,9.943173538
15299,30367,234,0,0,0,0,4.59,2.66,-8.44,-0.53,-1.18,-0.95,965,9.968816379
15387,30367,234,0,0,0,0,4.56,2.63,-8.48,-0.39,-0.77,-0.73,966,9.981027001
15463,30367,234,0,0,0,0,4.55,2.64,-8.48,-0.31,-0.82,-0.95,967,9.979103166
15538,30367,234,0,0,0,0,4.56,2.63,-8.49,-0.39,-0.53,-0.79,968,9.989524513
15613,30367,234,0,0,0,0,4.57,2.63,-8.48,-0.24,-0.83,-0.8,969,9.985599631
15689,30367,234,0,0,0,0,4.61,2.57,-8.49,-0.34,-0.93,-0.77,970,9.996854505
15764,30367,234,0,0,0,0,4.57,2.63,-8.52,-0.34,-0.58,-0.7,971,10.01959081
15840,30367,234,0,0,0,0,4.62,2.6,-8.39,-0.5,-0.91,-0.96,972,9.924540292
15916,30367,234,0,0,0,0,4.56,2.61,-8.5,-0.54,-0.7,-0.71,973,9.992782395
15990,30367,234,0,0,0,0,4.63,2.71,-8.47,-0.44,-1.31,-0.91,974,10.02606104
16069,30367,234,0,0,0,0,4.64,2.62,-8.49,-0.39,-0.73,-0.69,975,10.02367697
16230,30367,234,0,0,0,0,4.6,2.66,-8.51,-0.42,-0.77,-0.72,976,10.03273143
16308,30367,234,0,0,0,0,4.59,2.66,-8.47,-0.39,-0.96,-0.84,977,9.994228334
16384,30367,234,0,0,0,0,4.59,2.58,-8.47,-0.46,-0.99,-0.69,978,9.97323418
16459,30367,234,0,0,0,0,4.59,2.67,-8.44,-0.49,-0.62,-0.61,979,9.971489357
16534,30367,234,0,0,0,0,4.6,2.6,-8.42,-0.53,-0.6,-0.66,980,9.940643842
16610,30367,234,0,0,0,0,4.64,2.63,-8.39,-0.35,-1.03,-0.73,981,9.941760407
16686,30367,234,0,0,0,0,4.62,2.65,-8.41,-0.49,-0.94,-0.73,982,9.954647156
16763,30367,234,0,0,0,0,4.6,2.61,-8.44,-0.4,-0.91,-0.89,983,9.960205821
16839,30367,234,0,0,0,0,4.67,2.62,-8.4,-0.45,-0.69,-0.72,984,9.961591238
16915,30367,234,0,0,0,0,4.62,2.63,-8.34,-0.4,-1.14,-0.78,985,9.890242666
16991,30367,234,0,0,0,0,4.58,2.61,-8.47,-0.37,-0.37,-0.61,986,9.976442252
17065,30367,234,0,0,0,0,4.6,2.61,-8.42,-0.62,-1.13,-0.99,987,9.943264052
17141,30367,234,0,0,0,0,4.64,2.66,-8.44,-0.44,-0.93,-0.85,988,9.991936749
17302,30367,234,0,0,0,0,4.61,2.61,-8.45,-0.43,-0.89,-0.97,989,9.973299354
17380,30367,234,0,0,0,0,4.62,2.64,-8.45,-0.47,-1.21,-0.88,990,9.985814939
17456,30367,234,0,0,0,0,4.57,2.65,-8.54,-0.55,-0.66,-0.59,991,10.04186238
17533,30367,234,0,0,0,0,4.66,2.53,-8.43,-0.56,-1.4,-0.91,992,9.958985892
17609,30367,234,0,0,0,0,4.57,2.68,-8.37,-0.41,-0.67,-0.89,993,9.905765998
17685,30367,234,0,0,0,0,4.62,2.63,-8.51,-0.53,-0.88,-0.87,994,10.03401216
17761,30367,234,0,0,0,0,4.61,2.64,-8.39,-0.46,-0.97,-0.89,995,9.930448127
17836,30367,234,0,0,0,0,4.56,2.59,-8.55,-0.42,-0.84,-0.68,996,10.03016451
17911,30367,234,0,0,0,0,4.65,2.62,-8.46,-0.56,-1.02,-0.79,997,10.00292457
17987,30367,234,0,0,0,0,4.57,2.62,-8.5,-0.69,-0.74,-0.65,998,9.999965
18062,30367,234,0,0,0,0,4.63,2.63,-8.45,-0.48,-0.99,-0.91,999,9.987807567
18138,30367,234,0,0,0,0,4.55,2.6,-8.49,-0.31,-0.76,-0.89,1000,9.977103788
18216,30367,234,0,0,0,0,4.61,2.62,-8.41,-0.43,-0.84,-0.89,1001,9.94206216
18377,30367,234,0,0,0,0,4.61,2.57,-8.46,-0.68,-0.84,-0.85,1002,9.971389071
18455,30367,234,0,0,0,0,4.51,2.62,-8.44,-0.53,-0.91,-0.79,1003,9.921597654
18531,30367,234,0,0,0,0,4.63,2.61,-8.5,-0.37,-0.91,-0.71,1004,10.02491895
18606,30367,234,0,0,0,0,4.66,2.66,-8.47,-0.31,-1.1,-0.83,1005,10.0265697
18681,30367,234,0,0,0,0,4.59,2.63,-8.47,-0.46,-0.65,-0.82,1006,9.986285596
18757,30367,234,0,0,0,0,4.64,2.63,-8.53,-0.47,-0.8,-0.82,1007,10.06018887
18832,30367,234,0,0,0,0,4.63,2.64,-8.48,-0.34,-0.96,-0.86,1008,10.01583247
18911,30367,234,0,0,0,0,4.57,2.65,-8.5,-0.37,-0.63,-0.78,1009,10.00786691
18987,30367,234,0,0,0,0,4.58,2.63,-8.48,-0.51,-0.83,-0.79,1010,9.990180179
19061,30367,234,0,0,0,0,4.65,2.64,-8.45,-0.42,-0.82,-0.95,1011,9.999729996
19137,30367,234,0,0,0,0,4.54,2.58,-8.5,-0.48,-0.76,-0.85,1012,9.975870889
19213,30367,234,0,0,0,0,4.62,2.63,-8.52,-0.4,-0.95,-0.82,1013,10.04249471
19288,30367,234,0,0,0,0,4.51,2.61,-8.55,-0.42,-0.75,-0.95,1014,10.0127269
19449,30367,234,0,0,0,0,4.63,2.65,-8.48,-0.52,-0.76,-0.78,1015,10.01847294
19527,30367,234,0,0,0,0,4.56,2.62,-8.44,-0.6,-0.99,-0.89,1016,9.944425574
19603,30367,234,0,0,0,0,4.58,2.66,-8.4,-0.48,-0.98,-0.94,1017,9.930357496
19683,30367,234,0,0,0,0,4.7,2.55,-8.43,-0.47,-1.03,-0.98,1018,9.982855303
19759,30367,234,0,0,0,0,4.55,2.66,-8.53,-0.5,-1.08,-0.77,1019,10.02691378
19833,30367,234,0,0,0,0,4.56,2.67,-8.47,-0.61,-0.91,-0.84,1020,9.983155814
19909,30367,234,0,0,0,0,4.54,2.61,-8.46,-0.47,-0.75,-0.7,1021,9.949638184
19985,30367,234,0,0,0,0,4.58,2.57,-8.47,-0.5,-1,-0.93,1022,9.966052378
20060,30367,234,0,0,0,0,4.61,2.63,-8.47,-0.36,-0.89,-0.78,1023,9.995493985
20135,30367,234,0,0,0,0,4.63,2.62,-8.46,-0.4,-0.78,-0.79,1024,9.993642979
20211,30367,234,0,0,0,0,4.61,2.66,-8.47,-0.46,-0.95,-0.71,1025,10.00342941
20286,30367,234,0,0,0,0,4.6,2.62,-8.46,-0.36,-0.86,-0.79,1026,9.979779557
20366,30367,234,0,0,0,0,4.57,2.64,-8.55,-0.39,-0.84,-0.91,1027,10.04773606
20527,30367,234,0,0,0,0,4.54,2.7,-8.55,-0.45,-1.37,-1.07,1028,10.0500796
20605,30367,234,0,0,0,0,4.58,2.63,-8.35,-0.35,-0.86,-0.86,1029,9.88007085
20680,30367,234,0,0,0,0,4.57,2.62,-8.43,-0.5,-0.69,-0.71,1030,9.940533185
20756,30367,234,0,0,0,0,4.57,2.62,-8.47,-0.44,-1.04,-1.03,1031,9.97447743
20832,30367,234,0,0,0,0,4.64,2.61,-8.42,-0.62,-0.57,-0.78,1032,9.961832161
20907,30367,234,0,0,0,0,4.61,2.62,-8.5,-0.4,-1.08,-0.95,1033,10.01830824
20982,30367,234,0,0,0,0,4.56,2.62,-8.5,-0.36,-0.93,-0.87,1034,9.995398942
21070,30367,234,0,0,0,0,4.59,2.62,-8.5,-0.37,-0.83,-0.64,1035,10.00912084
21145,30367,234,0,0,0,0,4.61,2.66,-8.35,-0.37,-1.15,-0.82,1036,9.902030095
21221,30367,234,0,0,0,0,4.57,2.6,-8.49,-0.4,-0.98,-0.87,1037,9.986240534
21297,30367,234,0,0,0,0,4.6,2.68,-8.51,-0.43,-1.11,-0.9,1038,10.0380526
21371,30367,234,0,0,0,0,4.57,2.64,-8.42,-0.46,-0.14,-0.64,1039,9.937348741
21447,30367,234,0,0,0,0,4.61,2.62,-8.55,-0.62,-1.27,-0.88,1040,10.06076538
21608,30367,234,0,0,0,0,4.61,2.63,-8.5,-0.5,-0.85,-0.82,1041,10.0209281
21686,30367,234,0,0,0,0,4.67,2.64,-8.51,-0.42,-0.76,-0.92,1042,10.05975149
21762,30367,234,0,0,0,0,4.62,2.63,-8.42,-0.47,-0.77,-0.79,1043,9.957795941
21840,30367,234,0,0,0,0,4.56,2.61,-8.38,-0.52,-0.62,-0.56,1044,9.890909968
21915,30367,234,0,0,0,0,4.59,2.62,-8.5,-0.49,-0.87,-0.82,1045,10.00912084
21991,30367,234,0,0,0,0,4.58,2.63,-8.4,-0.51,-0.63,-0.8,1046,9.92236363
22067,30367,234,0,0,0,0,4.57,2.65,-8.41,-0.5,-1.21,-0.81,1047,9.931540666
22141,30367,234,0,0,0,0,4.61,2.66,-8.46,-0.49,-0.58,-0.66,1048,9.994963732
22217,30367,234,0,0,0,0,4.59,2.6,-8.47,-0.47,-0.98,-0.76,1049,9.97842673
22293,30367,234,0,0,0,0,4.54,2.64,-8.49,-0.31,-1,-0.94,1050,9.983050636
22368,30367,234,0,0,0,0,4.55,2.64,-8.5,-0.6,-0.89,-0.73,1051,9.996104241
22444,30367,234,0,0,0,0,4.6,2.6,-8.42,-0.37,-0.74,-0.86,1052,9.940643842
22522,30367,234,0,0,0,0,4.56,2.6,-8.43,-0.56,-0.98,-0.73,1053,9.93068477
22683,30367,234,0,0,0,0,4.61,2.64,-8.48,-0.48,-0.95,-0.79,1054,10.00660282
22761,30367,234,0,0,0,0,4.57,2.61,-8.44,-0.27,-1,-0.85,1055,9.946386278
22837,30367,234,0,0,0,0,4.59,2.63,-8.5,-0.56,-0.7,-0.73,1056,10.0117431
22912,30367,234,0,0,0,0,4.58,2.57,-8.47,-0.44,-1.05,-0.66,1057,9.966052378
22987,30367,234,0,0,0,0,4.62,2.65,-8.48,-0.57,-0.78,-0.83,1058,10.0138554
23063,30367,234,0,0,0,0,4.56,2.63,-8.44,-0.49,-0.98,-0.67,1059,9.947064894
23138,30367,234,0,0,0,0,4.56,2.65,-8.43,-0.5,-0.95,-0.82,1060,9.943892598
23217,30367,234,0,0,0,0,4.58,2.6,-8.46,-0.49,-0.64,-0.73,1061,9.965339934
23292,30367,234,0,0,0,0,4.58,2.61,-8.42,-0.54,-0.89,-0.93,1062,9.934027381
23367,30367,234,0,0,0,0,4.52,2.61,-8.45,-0.49,-0.62,-0.58,1063,9.932018929
23443,30367,234,0,0,0,0,4.56,2.68,-8.4,-0.49,-1.06,-0.87,1064,9.926530109
23519,30367,234,0,0,0,0,4.63,2.6,-8.47,-0.54,-0.65,-0.84,1065,9.996889516
23595,30367,234,0,0,0,0,4.56,2.6,-8.45,-0.55,-0.9,-0.7,1066,9.947668068
23755,30367,234,0,0,0,0,4.6,2.6,-8.41,-0.51,-1.06,-0.92,1067,9.932174988
23833,30367,234,0,0,0,0,4.58,2.59,-8.37,-0.42,-1.08,-0.83,1068,9.886425036
23908,30367,234,0,0,0,0,4.67,2.6,-8.46,-0.49,-0.82,-0.98,1069,10.00702253
23987,30367,234,0,0,0,0,4.58,2.57,-8.43,-0.44,-0.82,-0.82,1070,9.932079339
24062,30367,234,0,0,0,0,4.6,2.64,-8.4,-0.56,-0.9,-0.69,1071,9.934263939
24137,30367,234,0,0,0,0,4.62,2.65,-8.43,-0.37,-0.92,-0.78,1072,9.971549529
24213,30367,234,0,0,0,0,4.63,2.69,-8.47,-0.47,-1.15,-0.98,1073,10.02067363
24289,30367,234,0,0,0,0,4.58,2.66,-8.46,-0.46,-0.71,-0.75,1074,9.981162257
24365,30367,234,0,0,0,0,4.61,2.62,-8.42,-0.42,-1.08,-1.04,1075,9.950522599
24439,30367,234,0,0,0,0,4.6,2.56,-8.51,-0.53,-0.78,-0.89,1076,10.00668277
24515,30367,234,0,0,0,0,4.56,2.6,-8.46,-0.42,-0.63,-0.89,1077,9.95616392
24591,30367,234,0,0,0,0,4.54,2.61,-8.44,-0.34,-1.02,-0.83,1078,9.932638119
24669,30367,234,0,0,0,0,4.6,2.63,-8.41,-0.43,-1.16,-0.97,1079,9.940070422
24829,30367,234,0,0,0,0,4.61,2.63,-8.44,-0.6,-0.93,-0.83,1080,9.970085255
24907,30367,234,0,0,0,0,4.57,2.65,-8.37,-0.34,-0.63,-1.06,1081,9.89769165
24983,30367,234,0,0,0,0,4.56,2.59,-8.46,-0.36,-0.95,-0.76,1082,9.953557153
25059,30367,234,0,0,0,0,4.54,2.62,-8.48,-0.4,-1.23,-0.69,1083,9.969272792
25135,30367,234,0,0,0,0,4.58,2.61,-8.5,-0.46,-0.85,-0.69,1084,10.00192481
25209,30367,234,0,0,0,0,4.56,2.64,-8.39,-0.49,-1.24,-0.99,1085,9.907335666
25285,30367,234,0,0,0,0,4.58,2.61,-8.47,-0.3,-0.39,-0.65,1086,9.976442252
25364,30367,234,0,0,0,0,4.64,2.62,-8.39,-0.39,-1.13,-0.89,1087,9.939119679
25439,30367,234,0,0,0,0,4.6,2.65,-8.41,-0.35,-0.63,-0.7,1088,9.945380837
25515,30367,234,0,0,0,0,4.6,2.63,-8.45,-0.4,-0.82,-0.76,1089,9.973936033
25590,30367,234,0,0,0,0,4.59,2.69,-8.48,-0.63,-0.72,-0.92,1090,10.01072425
25665,30367,234,0,0,0,0,4.58,2.65,-8.52,-0.51,-0.84,-0.85,1091,10.02942172
25741,30367,234,0,0,0,0,4.63,2.67,-8.44,-0.37,-1.24,-1.01,1092,9.989964965
25902,30367,234,0,0,0,0,4.57,2.68,-8.4,-0.4,-1.03,-1.04,1093,9.931127831
25979,30367,234,0,0,0,0,4.64,2.64,-8.49,-0.47,-0.94,-0.96,1094,10.02892317
26055,30367,234,0,0,0,0,4.62,2.63,-8.5,-0.52,-0.61,-0.73,1095,10.0255324
26134,30367,234,0,0,0,0,4.69,2.63,-8.41,-0.6,-1.63,-0.89,1096,9.98203887
26209,30367,234,0,0,0,0,4.59,2.66,-8.46,-0.52,-0.44,-0.69,1097,9.985754854
26285,30367,234,0,0,0,0,4.55,2.66,-8.48,-0.31,-1.42,-1.03,1098,9.984412852
26360,30367,234,0,0,0,0,4.64,2.59,-8.43,-0.35,-0.38,-0.54,1099,9.965068991
26435,30367,234,0,0,0,0,4.67,2.64,-8.46,-0.48,-1.1,-0.98,1100,10.01748971
26511,30367,234,0,0,0,0,4.59,2.67,-8.45,-0.53,-0.97,-0.94,1101,9.97995491
26587,30367,234,0,0,0,0,4.58,2.65,-8.43,-0.37,-1.03,-0.79,1102,9.953079925
26661,30367,234,0,0,0,0,4.59,2.63,-8.51,-0.46,-1.08,-0.92,1103,10.02023453
26737,30367,234,0,0,0,0,4.57,2.65,-8.45,-0.37,-0.67,-0.67,1104,9.965435264
26826,30367,234,0,0,0,0,4.57,2.69,-8.63,-0.46,-0.85,-0.93,1105,10.12906215
26988,30367,234,0,0,0,0,4.59,2.61,-8.44,-0.54,-0.82,-0.79,1106,9.955591394
27066,30367,234,0,0,0,0,4.61,2.6,-8.5,-0.42,-0.73,-0.63,1107,10.01309642
27141,30367,234,0,0,0,0,4.67,2.6,-8.45,-0.42,-1.47,-0.94,1108,9.998569898
27216,30367,234,0,0,0,0,4.56,2.59,-8.45,-0.52,-0.51,-0.78,1109,9.945059075
27292,30367,234,0,0,0,0,4.64,2.58,-8.48,-0.4,-0.97,-0.97,1110,10.00481884
27367,30367,234,0,0,0,0,4.62,2.61,-8.49,-0.41,-1.1,-0.65,1111,10.01182301
27443,30367,234,0,0,0,0,4.56,2.6,-8.53,-0.51,-0.73,-0.71,1112,10.01571266
27522,30367,234,0,0,0,0,4.66,2.62,-8.44,-0.47,-1.23,-0.98,1113,9.990675653
27597,30367,234,0,0,0,0,4.66,2.59,-8.45,-0.51,-0.83,-0.94,1114,9.991306221
27672,30367,234,0,0,0,0,4.6,2.63,-8.55,-0.42,-0.82,-0.69,1115,10.05879714
27748,30367,234,0,0,0,0,4.68,2.63,-8.54,-0.62,-1.13,-1.08,1116,10.08716511
27824,30367,234,0,0,0,0,4.63,2.62,-8.45,-0.36,-0.78,-0.79,1117,9.985179017
27898,30367,234,0,0,0,0,4.61,2.62,-8.39,-0.45,-0.19,-0.66,1118,9.925149873
28059,30367,234,0,0,0,0,4.57,2.64,-8.44,-0.54,-0.11,-0.51,1119,9.954300578
28137,30367,234,0,0,0,0,4.59,2.56,-8.36,-0.51,-1.35,-1.09,1120,9.87478101
28213,30367,234,0,0,0,0,4.59,2.63,-8.48,-0.5,-0.38,-0.66,1121,9.994768632
28292,30367,234,0,0,0,0,4.59,2.64,-8.46,-0.24,-1.34,-1.11,1122,9.980445882
28367,30367,234,0,0,0,0,4.66,2.61,-8.46,-0.31,-0.6,-0.7,1123,10.00496377
28442,30367,234,0,0,0,0,4.56,2.6,-8.47,-0.47,-0.92,-0.69,1124,9.964662563
28518,30367,234,0,0,0,0,4.61,2.61,-8.45,-0.45,-1.05,-0.89,1125,9.973299354
28594,30367,234,0,0,0,0,4.58,2.62,-8.45,-0.31,-0.8,-0.82,1126,9.962093154
28668,30367,234,0,0,0,0,4.64,2.61,-8.45,-0.6,-1.2,-0.81,1127,9.98720181
28744,30367,234,0,0,0,0,4.55,2.62,-8.5,-0.24,-0.49,-0.62,1128,9.990840805
28820,30367,234,0,0,0,0,4.66,2.67,-8.4,-0.34,-0.95,-0.82,1129,9.97018054
28895,30367,234,0,0,0,0,4.62,2.62,-8.47,-0.55,-0.89,-0.8,1130,9.997484684
28974,30367,234,0,0,0,0,4.56,2.64,-8.44,-0.48,-0.98,-0.68,1131,9.949713564
29134,30367,234,0,0,0,0,4.56,2.69,-8.51,-0.43,-0.89,-0.89,1132,10.02246477
29212,30367,234,0,0,0,0,4.61,2.64,-8.47,-0.42,-0.61,-0.79,1133,9.998129825
29288,30367,234,0,0,0,0,4.64,2.62,-8.44,-0.47,-0.94,-1,1134,9.981362632
29364,30367,234,0,0,0,0,4.58,2.65,-8.46,-0.35,-1.02,-0.64,1135,9.978501892
29438,30367,234,0,0,0,0,4.57,2.56,-8.46,-0.36,-0.82,-0.92,1136,9.950381902
29514,30367,234,0,0,0,0,4.61,2.58,-8.5,-0.4,-0.74,-0.84,1137,10.00792186
29590,30367,234,0,0,0,0,4.63,2.65,-8.48,-0.53,-0.78,-0.73,1138,10.01847294
29668,30367,234,0,0,0,0,4.6,2.64,-8.49,-0.33,-0.95,-0.81,1139,10.01047951
29744,30367,234,0,0,0,0,4.65,2.64,-8.44,-0.62,-1.21,-0.89,1140,9.991281199
29819,30367,234,0,0,0,0,4.56,2.64,-8.45,-0.58,-0.71,-0.94,1141,9.958197628
29894,30367,234,0,0,0,0,4.55,2.59,-8.49,-0.46,-1.07,-0.89,1142,9.974502494
29970,30367,234,0,0,0,0,4.59,2.67,-8.39,-0.47,-0.53,-0.66,1143,9.929204399
30046,30367,234,0,0,0,0,4.57,2.57,-8.51,-0.46,-0.72,-0.82,1144,9.995493985
30206,30367,234,0,0,0,0,4.58,2.61,-8.47,-0.46,-1.03,-0.95,1145,9.976442252
30284,30367,234,0,0,0,0,4.58,2.62,-8.38,-0.4,-0.82,-0.84,1146,9.902787486
30360,30367,234,0,0,0,0,4.66,2.64,-8.49,-0.4,-0.62,-0.82,1147,10.03819207
30438,30367,234,0,0,0,0,4.65,2.63,-8.45,-0.47,-1.05,-0.8,1148,9.997094578
30514,30367,234,0,0,0,0,4.64,2.62,-8.41,-0.29,-1.02,-1.02,1149,9.956008236
